ISO-10303-21;
HEADER;
FILE_DESCRIPTION(('FreeCAD Model'),'2;1');
FILE_NAME('Open CASCADE Shape Model','2026-01-25T21:45:13',('Author'),(
    ''),'Open CASCADE STEP processor 7.8','FreeCAD','Unknown');
FILE_SCHEMA(('AUTOMOTIVE_DESIGN { 1 0 10303 214 1 1 1 1 }'));
ENDSEC;
DATA;
#1 = APPLICATION_PROTOCOL_DEFINITION('international standard',
  'automotive_design',2000,#2);
#2 = APPLICATION_CONTEXT(
  'core data for automotive mechanical design processes');
#3 = SHAPE_DEFINITION_REPRESENTATION(#4,#10);
#4 = PRODUCT_DEFINITION_SHAPE('','',#5);
#5 = PRODUCT_DEFINITION('design','',#6,#9);
#6 = PRODUCT_DEFINITION_FORMATION('','',#7);
#7 = PRODUCT('Body','Body','',(#8));
#8 = PRODUCT_CONTEXT('',#2,'mechanical');
#9 = PRODUCT_DEFINITION_CONTEXT('part definition',#2,'design');
#10 = ADVANCED_BREP_SHAPE_REPRESENTATION('',(#11,#15),#4548);
#11 = AXIS2_PLACEMENT_3D('',#12,#13,#14);
#12 = CARTESIAN_POINT('',(0.,0.,0.));
#13 = DIRECTION('',(0.,0.,1.));
#14 = DIRECTION('',(1.,0.,-0.));
#15 = MANIFOLD_SOLID_BREP('',#16);
#16 = CLOSED_SHELL('',(#17,#57,#88,#119,#1406,#2693,#2710,#2727,#2744,
    #2761,#2778,#2795,#2812,#2829,#2846,#2863,#2880,#2897,#2914,#2931,
    #2948,#2965,#2977,#2999,#3016,#3033,#3050,#3067,#3079,#3101,#3118,
    #3135,#3147,#3171,#3188,#3205,#3222,#3241,#3258,#3275,#3287,#3309,
    #3326,#3343,#3355,#3377,#3394,#3411,#3423,#3447,#3464,#3483,#3500,
    #3517,#3534,#3551,#3570,#3587,#3606,#3623,#3640,#3652,#3676,#3693,
    #3712,#3729,#3746,#3763,#3782,#3799,#3818,#3830,#3852,#3869,#3886,
    #3898,#3920,#3937,#3954,#3971,#3988,#4005,#4022,#4034,#4058,#4075,
    #4092,#4109,#4128,#4140,#4162,#4179,#4196,#4208,#4230,#4247,#4264,
    #4276,#4298,#4315,#4332,#4344,#4366,#4383,#4400,#4412,#4434,#4451,
    #4468,#4480,#4502,#4519,#4536));
#17 = ADVANCED_FACE('',(#18),#52,.T.);
#18 = FACE_BOUND('',#19,.T.);
#19 = EDGE_LOOP('',(#20,#30,#38,#46));
#20 = ORIENTED_EDGE('',*,*,#21,.T.);
#21 = EDGE_CURVE('',#22,#24,#26,.T.);
#22 = VERTEX_POINT('',#23);
#23 = CARTESIAN_POINT('',(-185.,-87.5,0.));
#24 = VERTEX_POINT('',#25);
#25 = CARTESIAN_POINT('',(-185.,-87.5,2.));
#26 = LINE('',#27,#28);
#27 = CARTESIAN_POINT('',(-185.,-87.5,0.));
#28 = VECTOR('',#29,1.);
#29 = DIRECTION('',(0.,0.,1.));
#30 = ORIENTED_EDGE('',*,*,#31,.T.);
#31 = EDGE_CURVE('',#24,#32,#34,.T.);
#32 = VERTEX_POINT('',#33);
#33 = CARTESIAN_POINT('',(-185.,-52.5,2.));
#34 = LINE('',#35,#36);
#35 = CARTESIAN_POINT('',(-185.,-87.5,2.));
#36 = VECTOR('',#37,1.);
#37 = DIRECTION('',(0.,1.,0.));
#38 = ORIENTED_EDGE('',*,*,#39,.F.);
#39 = EDGE_CURVE('',#40,#32,#42,.T.);
#40 = VERTEX_POINT('',#41);
#41 = CARTESIAN_POINT('',(-185.,-52.5,0.));
#42 = LINE('',#43,#44);
#43 = CARTESIAN_POINT('',(-185.,-52.5,0.));
#44 = VECTOR('',#45,1.);
#45 = DIRECTION('',(0.,0.,1.));
#46 = ORIENTED_EDGE('',*,*,#47,.F.);
#47 = EDGE_CURVE('',#22,#40,#48,.T.);
#48 = LINE('',#49,#50);
#49 = CARTESIAN_POINT('',(-185.,-87.5,0.));
#50 = VECTOR('',#51,1.);
#51 = DIRECTION('',(0.,1.,0.));
#52 = PLANE('',#53);
#53 = AXIS2_PLACEMENT_3D('',#54,#55,#56);
#54 = CARTESIAN_POINT('',(-185.,-87.5,0.));
#55 = DIRECTION('',(-1.,0.,0.));
#56 = DIRECTION('',(0.,1.,0.));
#57 = ADVANCED_FACE('',(#58),#83,.F.);
#58 = FACE_BOUND('',#59,.F.);
#59 = EDGE_LOOP('',(#60,#61,#69,#77));
#60 = ORIENTED_EDGE('',*,*,#21,.T.);
#61 = ORIENTED_EDGE('',*,*,#62,.T.);
#62 = EDGE_CURVE('',#24,#63,#65,.T.);
#63 = VERTEX_POINT('',#64);
#64 = CARTESIAN_POINT('',(185.,-87.5,2.));
#65 = LINE('',#66,#67);
#66 = CARTESIAN_POINT('',(-185.,-87.5,2.));
#67 = VECTOR('',#68,1.);
#68 = DIRECTION('',(1.,0.,0.));
#69 = ORIENTED_EDGE('',*,*,#70,.F.);
#70 = EDGE_CURVE('',#71,#63,#73,.T.);
#71 = VERTEX_POINT('',#72);
#72 = CARTESIAN_POINT('',(185.,-87.5,0.));
#73 = LINE('',#74,#75);
#74 = CARTESIAN_POINT('',(185.,-87.5,0.));
#75 = VECTOR('',#76,1.);
#76 = DIRECTION('',(0.,0.,1.));
#77 = ORIENTED_EDGE('',*,*,#78,.F.);
#78 = EDGE_CURVE('',#22,#71,#79,.T.);
#79 = LINE('',#80,#81);
#80 = CARTESIAN_POINT('',(-185.,-87.5,0.));
#81 = VECTOR('',#82,1.);
#82 = DIRECTION('',(1.,0.,0.));
#83 = PLANE('',#84);
#84 = AXIS2_PLACEMENT_3D('',#85,#86,#87);
#85 = CARTESIAN_POINT('',(-185.,-87.5,0.));
#86 = DIRECTION('',(0.,1.,0.));
#87 = DIRECTION('',(1.,0.,0.));
#88 = ADVANCED_FACE('',(#89),#114,.T.);
#89 = FACE_BOUND('',#90,.T.);
#90 = EDGE_LOOP('',(#91,#92,#100,#108));
#91 = ORIENTED_EDGE('',*,*,#39,.T.);
#92 = ORIENTED_EDGE('',*,*,#93,.T.);
#93 = EDGE_CURVE('',#32,#94,#96,.T.);
#94 = VERTEX_POINT('',#95);
#95 = CARTESIAN_POINT('',(-161.296371,-52.5,2.));
#96 = LINE('',#97,#98);
#97 = CARTESIAN_POINT('',(-185.,-52.5,2.));
#98 = VECTOR('',#99,1.);
#99 = DIRECTION('',(1.,0.,0.));
#100 = ORIENTED_EDGE('',*,*,#101,.F.);
#101 = EDGE_CURVE('',#102,#94,#104,.T.);
#102 = VERTEX_POINT('',#103);
#103 = CARTESIAN_POINT('',(-161.296371,-52.5,0.));
#104 = LINE('',#105,#106);
#105 = CARTESIAN_POINT('',(-161.296371,-52.5,0.));
#106 = VECTOR('',#107,1.);
#107 = DIRECTION('',(0.,0.,1.));
#108 = ORIENTED_EDGE('',*,*,#109,.F.);
#109 = EDGE_CURVE('',#40,#102,#110,.T.);
#110 = LINE('',#111,#112);
#111 = CARTESIAN_POINT('',(-185.,-52.5,0.));
#112 = VECTOR('',#113,1.);
#113 = DIRECTION('',(1.,0.,0.));
#114 = PLANE('',#115);
#115 = AXIS2_PLACEMENT_3D('',#116,#117,#118);
#116 = CARTESIAN_POINT('',(-185.,-52.5,0.));
#117 = DIRECTION('',(0.,1.,0.));
#118 = DIRECTION('',(1.,0.,0.));
#119 = ADVANCED_FACE('',(#120,#267,#319,#353,#483,#517,#551,#773,#983,
    #1017,#1083,#1197,#1231,#1265,#1299,#1333,#1367),#1401,.F.);
#120 = FACE_BOUND('',#121,.F.);
#121 = EDGE_LOOP('',(#122,#123,#124,#132,#140,#149,#157,#166,#174,#183,
    #191,#200,#208,#217,#225,#234,#242,#251,#259,#266));
#122 = ORIENTED_EDGE('',*,*,#47,.F.);
#123 = ORIENTED_EDGE('',*,*,#78,.T.);
#124 = ORIENTED_EDGE('',*,*,#125,.F.);
#125 = EDGE_CURVE('',#126,#71,#128,.T.);
#126 = VERTEX_POINT('',#127);
#127 = CARTESIAN_POINT('',(185.,-52.5,0.));
#128 = LINE('',#129,#130);
#129 = CARTESIAN_POINT('',(185.,-52.5,0.));
#130 = VECTOR('',#131,1.);
#131 = DIRECTION('',(0.,-1.,0.));
#132 = ORIENTED_EDGE('',*,*,#133,.F.);
#133 = EDGE_CURVE('',#134,#126,#136,.T.);
#134 = VERTEX_POINT('',#135);
#135 = CARTESIAN_POINT('',(162.192513,-52.5,0.));
#136 = LINE('',#137,#138);
#137 = CARTESIAN_POINT('',(162.192513,-52.5,0.));
#138 = VECTOR('',#139,1.);
#139 = DIRECTION('',(1.,0.,0.));
#140 = ORIENTED_EDGE('',*,*,#141,.F.);
#141 = EDGE_CURVE('',#142,#134,#144,.T.);
#142 = VERTEX_POINT('',#143);
#143 = CARTESIAN_POINT('',(145.,-35.307487,0.));
#144 = CIRCLE('',#145,17.192513);
#145 = AXIS2_PLACEMENT_3D('',#146,#147,#148);
#146 = CARTESIAN_POINT('',(162.192513,-35.307487,0.));
#147 = DIRECTION('',(0.,0.,1.));
#148 = DIRECTION('',(1.,0.,0.));
#149 = ORIENTED_EDGE('',*,*,#150,.F.);
#150 = EDGE_CURVE('',#151,#142,#153,.T.);
#151 = VERTEX_POINT('',#152);
#152 = CARTESIAN_POINT('',(145.,39.41683,0.));
#153 = LINE('',#154,#155);
#154 = CARTESIAN_POINT('',(145.,39.41683,0.));
#155 = VECTOR('',#156,1.);
#156 = DIRECTION('',(0.,-1.,0.));
#157 = ORIENTED_EDGE('',*,*,#158,.F.);
#158 = EDGE_CURVE('',#159,#151,#161,.T.);
#159 = VERTEX_POINT('',#160);
#160 = CARTESIAN_POINT('',(158.08317,52.5,0.));
#161 = CIRCLE('',#162,13.08317);
#162 = AXIS2_PLACEMENT_3D('',#163,#164,#165);
#163 = CARTESIAN_POINT('',(158.08317,39.41683,0.));
#164 = DIRECTION('',(0.,0.,1.));
#165 = DIRECTION('',(1.,0.,0.));
#166 = ORIENTED_EDGE('',*,*,#167,.F.);
#167 = EDGE_CURVE('',#168,#159,#170,.T.);
#168 = VERTEX_POINT('',#169);
#169 = CARTESIAN_POINT('',(207.827316,52.5,0.));
#170 = LINE('',#171,#172);
#171 = CARTESIAN_POINT('',(207.827316,52.5,0.));
#172 = VECTOR('',#173,1.);
#173 = DIRECTION('',(-1.,0.,0.));
#174 = ORIENTED_EDGE('',*,*,#175,.T.);
#175 = EDGE_CURVE('',#168,#176,#178,.T.);
#176 = VERTEX_POINT('',#177);
#177 = CARTESIAN_POINT('',(215.,59.672684,0.));
#178 = CIRCLE('',#179,7.172684);
#179 = AXIS2_PLACEMENT_3D('',#180,#181,#182);
#180 = CARTESIAN_POINT('',(207.827316,59.672684,0.));
#181 = DIRECTION('',(0.,0.,1.));
#182 = DIRECTION('',(1.,0.,0.));
#183 = ORIENTED_EDGE('',*,*,#184,.T.);
#184 = EDGE_CURVE('',#176,#185,#187,.T.);
#185 = VERTEX_POINT('',#186);
#186 = CARTESIAN_POINT('',(215.,79.248893,0.));
#187 = LINE('',#188,#189);
#188 = CARTESIAN_POINT('',(215.,59.672684,0.));
#189 = VECTOR('',#190,1.);
#190 = DIRECTION('',(0.,1.,0.));
#191 = ORIENTED_EDGE('',*,*,#192,.T.);
#192 = EDGE_CURVE('',#185,#193,#195,.T.);
#193 = VERTEX_POINT('',#194);
#194 = CARTESIAN_POINT('',(206.748893,87.5,0.));
#195 = CIRCLE('',#196,8.251107);
#196 = AXIS2_PLACEMENT_3D('',#197,#198,#199);
#197 = CARTESIAN_POINT('',(206.748893,79.248893,0.));
#198 = DIRECTION('',(0.,0.,1.));
#199 = DIRECTION('',(1.,0.,0.));
#200 = ORIENTED_EDGE('',*,*,#201,.T.);
#201 = EDGE_CURVE('',#193,#202,#204,.T.);
#202 = VERTEX_POINT('',#203);
#203 = CARTESIAN_POINT('',(-205.485133,87.5,0.));
#204 = LINE('',#205,#206);
#205 = CARTESIAN_POINT('',(206.748893,87.5,0.));
#206 = VECTOR('',#207,1.);
#207 = DIRECTION('',(-1.,0.,0.));
#208 = ORIENTED_EDGE('',*,*,#209,.T.);
#209 = EDGE_CURVE('',#202,#210,#212,.T.);
#210 = VERTEX_POINT('',#211);
#211 = CARTESIAN_POINT('',(-215.,77.985133,0.));
#212 = CIRCLE('',#213,9.514867);
#213 = AXIS2_PLACEMENT_3D('',#214,#215,#216);
#214 = CARTESIAN_POINT('',(-205.485133,77.985133,0.));
#215 = DIRECTION('',(0.,0.,1.));
#216 = DIRECTION('',(1.,0.,0.));
#217 = ORIENTED_EDGE('',*,*,#218,.T.);
#218 = EDGE_CURVE('',#210,#219,#221,.T.);
#219 = VERTEX_POINT('',#220);
#220 = CARTESIAN_POINT('',(-215.,58.609558,0.));
#221 = LINE('',#222,#223);
#222 = CARTESIAN_POINT('',(-215.,77.985133,0.));
#223 = VECTOR('',#224,1.);
#224 = DIRECTION('',(0.,-1.,0.));
#225 = ORIENTED_EDGE('',*,*,#226,.T.);
#226 = EDGE_CURVE('',#219,#227,#229,.T.);
#227 = VERTEX_POINT('',#228);
#228 = CARTESIAN_POINT('',(-208.890442,52.5,0.));
#229 = CIRCLE('',#230,6.109558);
#230 = AXIS2_PLACEMENT_3D('',#231,#232,#233);
#231 = CARTESIAN_POINT('',(-208.890442,58.609558,0.));
#232 = DIRECTION('',(0.,0.,1.));
#233 = DIRECTION('',(1.,0.,0.));
#234 = ORIENTED_EDGE('',*,*,#235,.F.);
#235 = EDGE_CURVE('',#236,#227,#238,.T.);
#236 = VERTEX_POINT('',#237);
#237 = CARTESIAN_POINT('',(-157.521054,52.5,0.));
#238 = LINE('',#239,#240);
#239 = CARTESIAN_POINT('',(-157.521054,52.5,0.));
#240 = VECTOR('',#241,1.);
#241 = DIRECTION('',(-1.,0.,0.));
#242 = ORIENTED_EDGE('',*,*,#243,.F.);
#243 = EDGE_CURVE('',#244,#236,#246,.T.);
#244 = VERTEX_POINT('',#245);
#245 = CARTESIAN_POINT('',(-145.,39.978946,0.));
#246 = CIRCLE('',#247,12.521054);
#247 = AXIS2_PLACEMENT_3D('',#248,#249,#250);
#248 = CARTESIAN_POINT('',(-157.521054,39.978946,0.));
#249 = DIRECTION('',(0.,0.,1.));
#250 = DIRECTION('',(1.,0.,0.));
#251 = ORIENTED_EDGE('',*,*,#252,.F.);
#252 = EDGE_CURVE('',#253,#244,#255,.T.);
#253 = VERTEX_POINT('',#254);
#254 = CARTESIAN_POINT('',(-145.,-36.203629,0.));
#255 = LINE('',#256,#257);
#256 = CARTESIAN_POINT('',(-145.,-36.203629,0.));
#257 = VECTOR('',#258,1.);
#258 = DIRECTION('',(0.,1.,0.));
#259 = ORIENTED_EDGE('',*,*,#260,.F.);
#260 = EDGE_CURVE('',#102,#253,#261,.T.);
#261 = CIRCLE('',#262,16.296371);
#262 = AXIS2_PLACEMENT_3D('',#263,#264,#265);
#263 = CARTESIAN_POINT('',(-161.296371,-36.203629,0.));
#264 = DIRECTION('',(0.,0.,1.));
#265 = DIRECTION('',(1.,0.,0.));
#266 = ORIENTED_EDGE('',*,*,#109,.F.);
#267 = FACE_BOUND('',#268,.F.);
#268 = EDGE_LOOP('',(#269,#279,#287,#296,#304,#313));
#269 = ORIENTED_EDGE('',*,*,#270,.F.);
#270 = EDGE_CURVE('',#271,#273,#275,.T.);
#271 = VERTEX_POINT('',#272);
#272 = CARTESIAN_POINT('',(-110.,-52.5,0.));
#273 = VERTEX_POINT('',#274);
#274 = CARTESIAN_POINT('',(110.,-52.5,0.));
#275 = LINE('',#276,#277);
#276 = CARTESIAN_POINT('',(-110.,-52.5,0.));
#277 = VECTOR('',#278,1.);
#278 = DIRECTION('',(1.,0.,0.));
#279 = ORIENTED_EDGE('',*,*,#280,.F.);
#280 = EDGE_CURVE('',#281,#271,#283,.T.);
#281 = VERTEX_POINT('',#282);
#282 = CARTESIAN_POINT('',(-110.,34.704529,0.));
#283 = LINE('',#284,#285);
#284 = CARTESIAN_POINT('',(-110.,34.704529,0.));
#285 = VECTOR('',#286,1.);
#286 = DIRECTION('',(0.,-1.,0.));
#287 = ORIENTED_EDGE('',*,*,#288,.F.);
#288 = EDGE_CURVE('',#289,#281,#291,.T.);
#289 = VERTEX_POINT('',#290);
#290 = CARTESIAN_POINT('',(-92.204529,52.5,0.));
#291 = CIRCLE('',#292,17.795471);
#292 = AXIS2_PLACEMENT_3D('',#293,#294,#295);
#293 = CARTESIAN_POINT('',(-92.204529,34.704529,0.));
#294 = DIRECTION('',(0.,0.,1.));
#295 = DIRECTION('',(1.,0.,0.));
#296 = ORIENTED_EDGE('',*,*,#297,.F.);
#297 = EDGE_CURVE('',#298,#289,#300,.T.);
#298 = VERTEX_POINT('',#299);
#299 = CARTESIAN_POINT('',(94.520866,52.5,0.));
#300 = LINE('',#301,#302);
#301 = CARTESIAN_POINT('',(94.520866,52.5,0.));
#302 = VECTOR('',#303,1.);
#303 = DIRECTION('',(-1.,0.,0.));
#304 = ORIENTED_EDGE('',*,*,#305,.F.);
#305 = EDGE_CURVE('',#306,#298,#308,.T.);
#306 = VERTEX_POINT('',#307);
#307 = CARTESIAN_POINT('',(110.,37.020866,0.));
#308 = CIRCLE('',#309,15.479134);
#309 = AXIS2_PLACEMENT_3D('',#310,#311,#312);
#310 = CARTESIAN_POINT('',(94.520866,37.020866,0.));
#311 = DIRECTION('',(0.,0.,1.));
#312 = DIRECTION('',(1.,0.,0.));
#313 = ORIENTED_EDGE('',*,*,#314,.F.);
#314 = EDGE_CURVE('',#273,#306,#315,.T.);
#315 = LINE('',#316,#317);
#316 = CARTESIAN_POINT('',(110.,-52.5,0.));
#317 = VECTOR('',#318,1.);
#318 = DIRECTION('',(0.,1.,0.));
#319 = FACE_BOUND('',#320,.F.);
#320 = EDGE_LOOP('',(#321,#331,#339,#347));
#321 = ORIENTED_EDGE('',*,*,#322,.T.);
#322 = EDGE_CURVE('',#323,#325,#327,.T.);
#323 = VERTEX_POINT('',#324);
#324 = CARTESIAN_POINT('',(-28.12857142857,71.471428571429,0.));
#325 = VERTEX_POINT('',#326);
#326 = CARTESIAN_POINT('',(-26.63571428571,68.514285714286,0.));
#327 = LINE('',#328,#329);
#328 = CARTESIAN_POINT('',(-11.58542399559,38.701748967356,0.));
#329 = VECTOR('',#330,1.);
#330 = DIRECTION('',(0.450660299579,-0.892695521655,0.));
#331 = ORIENTED_EDGE('',*,*,#332,.T.);
#332 = EDGE_CURVE('',#325,#333,#335,.T.);
#333 = VERTEX_POINT('',#334);
#334 = CARTESIAN_POINT('',(-28.92857142857,64.,0.));
#335 = LINE('',#336,#337);
#336 = CARTESIAN_POINT('',(-37.03856343284,48.032663717451,0.));
#337 = VECTOR('',#338,1.);
#338 = DIRECTION('',(-0.45284765647,-0.891587909311,0.));
#339 = ORIENTED_EDGE('',*,*,#340,.T.);
#340 = EDGE_CURVE('',#333,#341,#343,.T.);
#341 = VERTEX_POINT('',#342);
#342 = CARTESIAN_POINT('',(-32.,64.,0.));
#343 = LINE('',#344,#345);
#344 = CARTESIAN_POINT('',(-14.45157245575,64.,0.));
#345 = VECTOR('',#346,1.);
#346 = DIRECTION('',(-1.,0.,0.));
#347 = ORIENTED_EDGE('',*,*,#348,.T.);
#348 = EDGE_CURVE('',#341,#323,#349,.T.);
#349 = LINE('',#350,#351);
#350 = CARTESIAN_POINT('',(-40.97926972055,46.67100345443,0.));
#351 = VECTOR('',#352,1.);
#352 = DIRECTION('',(0.460069378038,0.887882969423,0.));
#353 = FACE_BOUND('',#354,.F.);
#354 = EDGE_LOOP('',(#355,#406,#414,#422,#430,#461,#469,#477));
#355 = ORIENTED_EDGE('',*,*,#356,.F.);
#356 = EDGE_CURVE('',#357,#359,#361,.T.);
#357 = VERTEX_POINT('',#358);
#358 = CARTESIAN_POINT('',(-0.513333333333,64.,0.));
#359 = VERTEX_POINT('',#360);
#360 = CARTESIAN_POINT('',(3.058095238095,66.857142857143,0.));
#361 = B_SPLINE_CURVE_WITH_KNOTS('',7,(#362,#363,#364,#365,#366,#367,
    #368,#369,#370,#371,#372,#373,#374,#375,#376,#377,#378,#379,#380,
    #381,#382,#383,#384,#385,#386,#387,#388,#389,#390,#391,#392,#393,
    #394,#395,#396,#397,#398,#399,#400,#401,#402,#403,#404,#405),
  .UNSPECIFIED.,.F.,.F.,(8,6,6,6,6,6,6,8),(0.,0.359631430606,
    0.465061608243,0.520991186948,0.6338071761,0.768053742227,
    0.839888520374,1.),.UNSPECIFIED.);
#362 = CARTESIAN_POINT('',(-0.513333333333,64.,0.));
#363 = CARTESIAN_POINT('',(-0.242270340313,64.,0.));
#364 = CARTESIAN_POINT('',(2.818088292799E-02,64.009600577674,0.));
#365 = CARTESIAN_POINT('',(0.298160189081,64.030255175919,0.));
#366 = CARTESIAN_POINT('',(0.567005666682,64.063918859012,0.));
#367 = CARTESIAN_POINT('',(0.833241578564,64.11309501423,0.));
#368 = CARTESIAN_POINT('',(1.094578203428,64.180851737945,0.));
#369 = CARTESIAN_POINT('',(1.422121154456,64.297479748253,0.));
#370 = CARTESIAN_POINT('',(1.495645900078,64.325833969254,0.));
#371 = CARTESIAN_POINT('',(1.568343609851,64.356188779418,0.));
#372 = CARTESIAN_POINT('',(1.640099841537,64.388629515473,0.));
#373 = CARTESIAN_POINT('',(1.710785320974,64.423236090535,0.));
#374 = CARTESIAN_POINT('',(1.780258258716,64.460078350189,0.));
#375 = CARTESIAN_POINT('',(1.884497446755,64.519971107028,0.));
#376 = CARTESIAN_POINT('',(1.920243863151,64.541375213987,0.));
#377 = CARTESIAN_POINT('',(1.955582898795,64.563431639195,0.));
#378 = CARTESIAN_POINT('',(1.990490723197,64.58614696039,0.));
#379 = CARTESIAN_POINT('',(2.024942908142,64.60952612507,0.));
#380 = CARTESIAN_POINT('',(2.05891464339,64.633572132262,0.));
#381 = CARTESIAN_POINT('',(2.159886105102,64.708135673218,0.));
#382 = CARTESIAN_POINT('',(2.225342552903,64.760707522328,0.));
#383 = CARTESIAN_POINT('',(2.288533693789,64.816000179376,0.));
#384 = CARTESIAN_POINT('',(2.349255323135,64.873981809459,0.));
#385 = CARTESIAN_POINT('',(2.40732200969,64.93458325159,0.));
#386 = CARTESIAN_POINT('',(2.462573471593,64.997691445285,0.));
#387 = CARTESIAN_POINT('',(2.577124786179,65.141027449177,0.));
#388 = CARTESIAN_POINT('',(2.63521607124,65.222250419539,0.));
#389 = CARTESIAN_POINT('',(2.688929707954,65.306533454323,0.));
#390 = CARTESIAN_POINT('',(2.738158112425,65.393562438225,0.));
#391 = CARTESIAN_POINT('',(2.782890365197,65.482999642474,0.));
#392 = CARTESIAN_POINT('',(2.82319135998,65.574495912756,0.));
#393 = CARTESIAN_POINT('',(2.878438833311,65.717577504703,0.));
#394 = CARTESIAN_POINT('',(2.896464421442,65.767947544406,0.));
#395 = CARTESIAN_POINT('',(2.913277418934,65.818764082319,0.));
#396 = CARTESIAN_POINT('',(2.92890220515,65.869980692972,0.));
#397 = CARTESIAN_POINT('',(2.943366734155,65.921553785782,0.));
#398 = CARTESIAN_POINT('',(2.956701432205,65.973442971487,0.));
#399 = CARTESIAN_POINT('',(2.996212213354,66.141888934664,0.));
#400 = CARTESIAN_POINT('',(3.018027722787,66.259538217237,0.));
#401 = CARTESIAN_POINT('',(3.034746337482,66.37817540383,0.));
#402 = CARTESIAN_POINT('',(3.046751650534,66.497477677495,0.));
#403 = CARTESIAN_POINT('',(3.054418674557,66.61718769936,0.));
#404 = CARTESIAN_POINT('',(3.058095238095,66.737116216787,0.));
#405 = CARTESIAN_POINT('',(3.058095238095,66.857142857143,0.));
#406 = ORIENTED_EDGE('',*,*,#407,.T.);
#407 = EDGE_CURVE('',#357,#408,#410,.T.);
#408 = VERTEX_POINT('',#409);
#409 = CARTESIAN_POINT('',(-3.370476190476,64.,0.));
#410 = LINE('',#411,#412);
#411 = CARTESIAN_POINT('',(-0.243953408133,64.,0.));
#412 = VECTOR('',#413,1.);
#413 = DIRECTION('',(-1.,0.,0.));
#414 = ORIENTED_EDGE('',*,*,#415,.T.);
#415 = EDGE_CURVE('',#408,#416,#418,.T.);
#416 = VERTEX_POINT('',#417);
#417 = CARTESIAN_POINT('',(-3.370476190476,66.142857142857,0.));
#418 = LINE('',#419,#420);
#419 = CARTESIAN_POINT('',(-3.370476190476,33.721046690887,0.));
#420 = VECTOR('',#421,1.);
#421 = DIRECTION('',(0.,1.,0.));
#422 = ORIENTED_EDGE('',*,*,#423,.T.);
#423 = EDGE_CURVE('',#416,#424,#426,.T.);
#424 = VERTEX_POINT('',#425);
#425 = CARTESIAN_POINT('',(-0.513333333333,66.142857142857,0.));
#426 = LINE('',#427,#428);
#427 = CARTESIAN_POINT('',(-1.672524836704,66.142857142857,0.));
#428 = VECTOR('',#429,1.);
#429 = DIRECTION('',(1.,0.,0.));
#430 = ORIENTED_EDGE('',*,*,#431,.F.);
#431 = EDGE_CURVE('',#432,#424,#434,.T.);
#432 = VERTEX_POINT('',#433);
#433 = CARTESIAN_POINT('',(0.200952380952,66.857142857143,0.));
#434 = B_SPLINE_CURVE_WITH_KNOTS('',5,(#435,#436,#437,#438,#439,#440,
    #441,#442,#443,#444,#445,#446,#447,#448,#449,#450,#451,#452,#453,
    #454,#455,#456,#457,#458,#459,#460),.UNSPECIFIED.,.F.,.F.,(6,4,4,4,4
    ,4,6),(0.,0.207636546779,0.308281462578,0.5,0.691718537422,
    0.792363453221,1.),.UNSPECIFIED.);
#435 = CARTESIAN_POINT('',(0.200952380952,66.857142857143,0.));
#436 = CARTESIAN_POINT('',(0.200952380952,66.804980390284,0.));
#437 = CARTESIAN_POINT('',(0.198571216991,66.753604607219,0.));
#438 = CARTESIAN_POINT('',(0.19352003467,66.703227250015,0.));
#439 = CARTESIAN_POINT('',(0.185454239034,66.654182241016,0.));
#440 = CARTESIAN_POINT('',(0.168551161445,66.583956052681,0.));
#441 = CARTESIAN_POINT('',(0.162253685541,66.561440279605,0.));
#442 = CARTESIAN_POINT('',(0.155142102541,66.539384798685,0.));
#443 = CARTESIAN_POINT('',(0.147187995445,66.517842233698,0.));
#444 = CARTESIAN_POINT('',(0.121571213921,66.456915834396,0.));
#445 = CARTESIAN_POINT('',(0.101633358811,66.419016846186,0.));
#446 = CARTESIAN_POINT('',(7.842181717723E-02,66.383579941353,0.));
#447 = CARTESIAN_POINT('',(5.19261787072E-02,66.350973797755,0.));
#448 = CARTESIAN_POINT('',(-7.164273945284E-03,66.291883345102,0.));
#449 = CARTESIAN_POINT('',(-3.977041754378E-02,66.265387706632,0.));
#450 = CARTESIAN_POINT('',(-7.520732237695E-02,66.242176164999,0.));
#451 = CARTESIAN_POINT('',(-0.113106310586,66.222238309889,0.));
#452 = CARTESIAN_POINT('',(-0.174032709888,66.196621528364,0.));
#453 = CARTESIAN_POINT('',(-0.195575274875,66.188667421268,0.));
#454 = CARTESIAN_POINT('',(-0.217630755795,66.181555838268,0.));
#455 = CARTESIAN_POINT('',(-0.240146528871,66.175258362364,0.));
#456 = CARTESIAN_POINT('',(-0.310372717206,66.158355284775,0.));
#457 = CARTESIAN_POINT('',(-0.359417726205,66.15028948914,0.));
#458 = CARTESIAN_POINT('',(-0.40979508341,66.145238306819,0.));
#459 = CARTESIAN_POINT('',(-0.461170866475,66.142857142857,0.));
#460 = CARTESIAN_POINT('',(-0.513333333333,66.142857142857,0.));
#461 = ORIENTED_EDGE('',*,*,#462,.T.);
#462 = EDGE_CURVE('',#432,#463,#465,.T.);
#463 = VERTEX_POINT('',#464);
#464 = CARTESIAN_POINT('',(0.200952380952,68.285714285714,0.));
#465 = LINE('',#466,#467);
#466 = CARTESIAN_POINT('',(0.200952380952,35.149618119459,0.));
#467 = VECTOR('',#468,1.);
#468 = DIRECTION('',(0.,1.,0.));
#469 = ORIENTED_EDGE('',*,*,#470,.T.);
#470 = EDGE_CURVE('',#463,#471,#473,.T.);
#471 = VERTEX_POINT('',#472);
#472 = CARTESIAN_POINT('',(3.058095238095,68.285714285714,0.));
#473 = LINE('',#474,#475);
#474 = CARTESIAN_POINT('',(0.11318944901,68.285714285714,0.));
#475 = VECTOR('',#476,1.);
#476 = DIRECTION('',(1.,0.,0.));
#477 = ORIENTED_EDGE('',*,*,#478,.T.);
#478 = EDGE_CURVE('',#471,#359,#479,.T.);
#479 = LINE('',#480,#481);
#480 = CARTESIAN_POINT('',(3.058095238095,35.863903833744,0.));
#481 = VECTOR('',#482,1.);
#482 = DIRECTION('',(0.,-1.,0.));
#483 = FACE_BOUND('',#484,.F.);
#484 = EDGE_LOOP('',(#485,#495,#503,#511));
#485 = ORIENTED_EDGE('',*,*,#486,.T.);
#486 = EDGE_CURVE('',#487,#489,#491,.T.);
#487 = VERTEX_POINT('',#488);
#488 = CARTESIAN_POINT('',(-23.5,64.,0.));
#489 = VERTEX_POINT('',#490);
#490 = CARTESIAN_POINT('',(-27.69285714285,72.314285714286,0.));
#491 = LINE('',#492,#493);
#492 = CARTESIAN_POINT('',(-8.941473514082,35.13096281157,0.));
#493 = VECTOR('',#494,1.);
#494 = DIRECTION('',(-0.450279306802,0.892887756589,0.));
#495 = ORIENTED_EDGE('',*,*,#496,.T.);
#496 = EDGE_CURVE('',#489,#497,#499,.T.);
#497 = VERTEX_POINT('',#498);
#498 = CARTESIAN_POINT('',(-26.21428571428,75.164285714286,0.));
#499 = LINE('',#500,#501);
#500 = CARTESIAN_POINT('',(-38.8303484687,50.84636765142,-2.8E-16));
#501 = VECTOR('',#502,1.);
#502 = DIRECTION('',(0.460511964544,0.887653496874,0.));
#503 = ORIENTED_EDGE('',*,*,#504,.T.);
#504 = EDGE_CURVE('',#497,#505,#507,.T.);
#505 = VERTEX_POINT('',#506);
#506 = CARTESIAN_POINT('',(-20.42857142857,64.,0.));
#507 = LINE('',#508,#509);
#508 = CARTESIAN_POINT('',(-8.786741772263,41.535580552087,-2.8E-16));
#509 = VECTOR('',#510,1.);
#510 = DIRECTION('',(0.460118182868,-0.887857678794,0.));
#511 = ORIENTED_EDGE('',*,*,#512,.T.);
#512 = EDGE_CURVE('',#505,#487,#513,.T.);
#513 = LINE('',#514,#515);
#514 = CARTESIAN_POINT('',(-10.20157245575,64.,0.));
#515 = VECTOR('',#516,1.);
#516 = DIRECTION('',(-1.,0.,0.));
#517 = FACE_BOUND('',#518,.F.);
#518 = EDGE_LOOP('',(#519,#529,#537,#545));
#519 = ORIENTED_EDGE('',*,*,#520,.T.);
#520 = EDGE_CURVE('',#521,#523,#525,.T.);
#521 = VERTEX_POINT('',#522);
#522 = CARTESIAN_POINT('',(-16.92857142857,71.142857142857,0.));
#523 = VERTEX_POINT('',#524);
#524 = CARTESIAN_POINT('',(-16.92857142857,64.,0.));
#525 = LINE('',#526,#527);
#526 = CARTESIAN_POINT('',(-16.92857142857,37.292475262316,0.));
#527 = VECTOR('',#528,1.);
#528 = DIRECTION('',(0.,-1.,0.));
#529 = ORIENTED_EDGE('',*,*,#530,.T.);
#530 = EDGE_CURVE('',#523,#531,#533,.T.);
#531 = VERTEX_POINT('',#532);
#532 = CARTESIAN_POINT('',(-19.78571428571,64.,0.));
#533 = LINE('',#534,#535);
#534 = CARTESIAN_POINT('',(-8.451572455752,64.,0.));
#535 = VECTOR('',#536,1.);
#536 = DIRECTION('',(-1.,0.,0.));
#537 = ORIENTED_EDGE('',*,*,#538,.T.);
#538 = EDGE_CURVE('',#531,#539,#541,.T.);
#539 = VERTEX_POINT('',#540);
#540 = CARTESIAN_POINT('',(-19.78571428571,71.142857142857,0.));
#541 = LINE('',#542,#543);
#542 = CARTESIAN_POINT('',(-19.78571428571,33.721046690887,0.));
#543 = VECTOR('',#544,1.);
#544 = DIRECTION('',(0.,1.,0.));
#545 = ORIENTED_EDGE('',*,*,#546,.T.);
#546 = EDGE_CURVE('',#539,#521,#547,.T.);
#547 = LINE('',#548,#549);
#548 = CARTESIAN_POINT('',(-9.880143884323,71.142857142857,0.));
#549 = VECTOR('',#550,1.);
#550 = DIRECTION('',(1.,0.,0.));
#551 = FACE_BOUND('',#552,.F.);
#552 = EDGE_LOOP('',(#553,#586,#594,#602,#610,#659,#667,#704,#712,#720,
    #728,#736,#767));
#553 = ORIENTED_EDGE('',*,*,#554,.F.);
#554 = EDGE_CURVE('',#555,#557,#559,.T.);
#555 = VERTEX_POINT('',#556);
#556 = CARTESIAN_POINT('',(-12.64285714285,71.857142857143,0.));
#557 = VERTEX_POINT('',#558);
#558 = CARTESIAN_POINT('',(-11.92857142857,71.142857142857,0.));
#559 = B_SPLINE_CURVE_WITH_KNOTS('',5,(#560,#561,#562,#563,#564,#565,
    #566,#567,#568,#569,#570,#571,#572,#573,#574,#575,#576,#577,#578,
    #579,#580,#581,#582,#583,#584,#585),.UNSPECIFIED.,.F.,.F.,(6,4,4,4,4
    ,4,6),(0.,0.207636546779,0.308281462578,0.5,0.691718537422,
    0.792363453221,1.),.UNSPECIFIED.);
#560 = CARTESIAN_POINT('',(-12.64285714285,71.857142857143,0.));
#561 = CARTESIAN_POINT('',(-12.59069467599,71.857142857143,0.));
#562 = CARTESIAN_POINT('',(-12.53931889293,71.854761693181,0.));
#563 = CARTESIAN_POINT('',(-12.48894153572,71.84971051086,0.));
#564 = CARTESIAN_POINT('',(-12.43989652673,71.841644715225,0.));
#565 = CARTESIAN_POINT('',(-12.36967033839,71.824741637636,0.));
#566 = CARTESIAN_POINT('',(-12.34715456531,71.818444161732,0.));
#567 = CARTESIAN_POINT('',(-12.32509908439,71.811332578732,0.));
#568 = CARTESIAN_POINT('',(-12.30355651941,71.803378471636,0.));
#569 = CARTESIAN_POINT('',(-12.24263012011,71.777761690111,0.));
#570 = CARTESIAN_POINT('',(-12.2047311319,71.757823835001,0.));
#571 = CARTESIAN_POINT('',(-12.16929422706,71.734612293368,0.));
#572 = CARTESIAN_POINT('',(-12.13668808346,71.708116654898,0.));
#573 = CARTESIAN_POINT('',(-12.07759763081,71.649026202245,0.));
#574 = CARTESIAN_POINT('',(-12.05110199234,71.616420058647,0.));
#575 = CARTESIAN_POINT('',(-12.02789045071,71.580983153814,0.));
#576 = CARTESIAN_POINT('',(-12.0079525956,71.543084165604,0.));
#577 = CARTESIAN_POINT('',(-11.98233581407,71.482157766302,0.));
#578 = CARTESIAN_POINT('',(-11.97438170698,71.460615201315,0.));
#579 = CARTESIAN_POINT('',(-11.96727012398,71.438559720395,0.));
#580 = CARTESIAN_POINT('',(-11.96097264807,71.416043947319,0.));
#581 = CARTESIAN_POINT('',(-11.94406957048,71.345817758984,0.));
#582 = CARTESIAN_POINT('',(-11.93600377485,71.296772749985,0.));
#583 = CARTESIAN_POINT('',(-11.93095259253,71.246395392781,0.));
#584 = CARTESIAN_POINT('',(-11.92857142857,71.195019609716,0.));
#585 = CARTESIAN_POINT('',(-11.92857142857,71.142857142857,0.));
#586 = ORIENTED_EDGE('',*,*,#587,.T.);
#587 = EDGE_CURVE('',#555,#588,#590,.T.);
#588 = VERTEX_POINT('',#589);
#589 = CARTESIAN_POINT('',(-19.78571428571,71.857142857143,0.));
#590 = LINE('',#591,#592);
#591 = CARTESIAN_POINT('',(-6.308715312895,71.857142857143,0.));
#592 = VECTOR('',#593,1.);
#593 = DIRECTION('',(-1.,0.,0.));
#594 = ORIENTED_EDGE('',*,*,#595,.T.);
#595 = EDGE_CURVE('',#588,#596,#598,.T.);
#596 = VERTEX_POINT('',#597);
#597 = CARTESIAN_POINT('',(-19.78571428571,74.,0.));
#598 = LINE('',#599,#600);
#599 = CARTESIAN_POINT('',(-19.78571428571,37.649618119459,0.));
#600 = VECTOR('',#601,1.);
#601 = DIRECTION('',(0.,1.,0.));
#602 = ORIENTED_EDGE('',*,*,#603,.T.);
#603 = EDGE_CURVE('',#596,#604,#606,.T.);
#604 = VERTEX_POINT('',#605);
#605 = CARTESIAN_POINT('',(-12.64285714285,74.,0.));
#606 = LINE('',#607,#608);
#607 = CARTESIAN_POINT('',(-9.880143884323,74.,0.));
#608 = VECTOR('',#609,1.);
#609 = DIRECTION('',(1.,0.,0.));
#610 = ORIENTED_EDGE('',*,*,#611,.F.);
#611 = EDGE_CURVE('',#612,#604,#614,.T.);
#612 = VERTEX_POINT('',#613);
#613 = CARTESIAN_POINT('',(-9.071428571429,71.142857142857,0.));
#614 = B_SPLINE_CURVE_WITH_KNOTS('',7,(#615,#616,#617,#618,#619,#620,
    #621,#622,#623,#624,#625,#626,#627,#628,#629,#630,#631,#632,#633,
    #634,#635,#636,#637,#638,#639,#640,#641,#642,#643,#644,#645,#646,
    #647,#648,#649,#650,#651,#652,#653,#654,#655,#656,#657,#658),
  .UNSPECIFIED.,.F.,.F.,(8,6,6,6,6,6,6,8),(0.,0.160111479626,
    0.231946257773,0.3661928239,0.479008813052,0.534938391757,
    0.640368569394,1.),.UNSPECIFIED.);
#615 = CARTESIAN_POINT('',(-9.071428571429,71.142857142857,0.));
#616 = CARTESIAN_POINT('',(-9.071428571429,71.262883783213,0.));
#617 = CARTESIAN_POINT('',(-9.075105134967,71.382812300641,0.));
#618 = CARTESIAN_POINT('',(-9.08277215899,71.502522322505,0.));
#619 = CARTESIAN_POINT('',(-9.094777472042,71.62182459617,0.));
#620 = CARTESIAN_POINT('',(-9.111496086737,71.740461782763,0.));
#621 = CARTESIAN_POINT('',(-9.13331159617,71.858111065336,0.));
#622 = CARTESIAN_POINT('',(-9.172822377319,72.026557028513,0.));
#623 = CARTESIAN_POINT('',(-9.186157075368,72.078446214218,0.));
#624 = CARTESIAN_POINT('',(-9.200621604374,72.130019307028,0.));
#625 = CARTESIAN_POINT('',(-9.21624639059,72.181235917681,0.));
#626 = CARTESIAN_POINT('',(-9.233059388082,72.232052455594,0.));
#627 = CARTESIAN_POINT('',(-9.251084976213,72.282422495297,0.));
#628 = CARTESIAN_POINT('',(-9.306332449543,72.425504087244,0.));
#629 = CARTESIAN_POINT('',(-9.346633444327,72.517000357526,0.));
#630 = CARTESIAN_POINT('',(-9.391365697099,72.606437561775,0.));
#631 = CARTESIAN_POINT('',(-9.44059410157,72.693466545677,0.));
#632 = CARTESIAN_POINT('',(-9.494307738284,72.777749580461,0.));
#633 = CARTESIAN_POINT('',(-9.552399023345,72.858972550823,0.));
#634 = CARTESIAN_POINT('',(-9.666950337931,73.002308554715,0.));
#635 = CARTESIAN_POINT('',(-9.722201799834,73.06541674841,0.));
#636 = CARTESIAN_POINT('',(-9.780268486389,73.126018190541,0.));
#637 = CARTESIAN_POINT('',(-9.840990115735,73.183999820624,0.));
#638 = CARTESIAN_POINT('',(-9.904181256621,73.239292477672,0.));
#639 = CARTESIAN_POINT('',(-9.969637704422,73.291864326782,0.));
#640 = CARTESIAN_POINT('',(-10.07060916613,73.366427867738,0.));
#641 = CARTESIAN_POINT('',(-10.10458090138,73.39047387493,0.));
#642 = CARTESIAN_POINT('',(-10.13903308632,73.41385303961,0.));
#643 = CARTESIAN_POINT('',(-10.17394091072,73.436568360805,0.));
#644 = CARTESIAN_POINT('',(-10.20927994637,73.458624786013,0.));
#645 = CARTESIAN_POINT('',(-10.24502636276,73.480028892972,0.));
#646 = CARTESIAN_POINT('',(-10.3492655508,73.539921649811,0.));
#647 = CARTESIAN_POINT('',(-10.41873848855,73.576763909465,0.));
#648 = CARTESIAN_POINT('',(-10.48942396798,73.611370484527,0.));
#649 = CARTESIAN_POINT('',(-10.56118019967,73.643811220582,0.));
#650 = CARTESIAN_POINT('',(-10.63387790944,73.674166030746,0.));
#651 = CARTESIAN_POINT('',(-10.70740265506,73.702520251747,0.));
#652 = CARTESIAN_POINT('',(-11.03494560609,73.819148262055,0.));
#653 = CARTESIAN_POINT('',(-11.29628223096,73.88690498577,0.));
#654 = CARTESIAN_POINT('',(-11.56251814284,73.936081140988,0.));
#655 = CARTESIAN_POINT('',(-11.83136362044,73.96974482408,0.));
#656 = CARTESIAN_POINT('',(-12.10134292659,73.990399422326,0.));
#657 = CARTESIAN_POINT('',(-12.37179414983,74.,0.));
#658 = CARTESIAN_POINT('',(-12.64285714285,74.,0.));
#659 = ORIENTED_EDGE('',*,*,#660,.T.);
#660 = EDGE_CURVE('',#612,#661,#663,.T.);
#661 = VERTEX_POINT('',#662);
#662 = CARTESIAN_POINT('',(-9.071428571429,70.428571428571,0.));
#663 = LINE('',#664,#665);
#664 = CARTESIAN_POINT('',(-9.071428571429,37.292475262316,0.));
#665 = VECTOR('',#666,1.);
#666 = DIRECTION('',(0.,-1.,0.));
#667 = ORIENTED_EDGE('',*,*,#668,.F.);
#668 = EDGE_CURVE('',#669,#661,#671,.T.);
#669 = VERTEX_POINT('',#670);
#670 = CARTESIAN_POINT('',(-11.37142857142,67.685714285714,0.));
#671 = B_SPLINE_CURVE_WITH_KNOTS('',6,(#672,#673,#674,#675,#676,#677,
    #678,#679,#680,#681,#682,#683,#684,#685,#686,#687,#688,#689,#690,
    #691,#692,#693,#694,#695,#696,#697,#698,#699,#700,#701,#702,#703),
  .UNSPECIFIED.,.F.,.F.,(7,5,5,5,5,5,7),(0.,0.230712237359,
    0.330863315363,0.51618075652,0.693900688665,0.789649921454,1.),
  .UNSPECIFIED.);
#672 = CARTESIAN_POINT('',(-11.37142857142,67.685714285714,0.));
#673 = CARTESIAN_POINT('',(-11.22101879265,67.715142285908,0.));
#674 = CARTESIAN_POINT('',(-11.07194806006,67.750191509064,0.));
#675 = CARTESIAN_POINT('',(-10.92457840184,67.79146131725,0.));
#676 = CARTESIAN_POINT('',(-10.77949777891,67.839617390251,0.));
#677 = CARTESIAN_POINT('',(-10.63751246684,67.895368550955,0.));
#678 = CARTESIAN_POINT('',(-10.43973253042,67.987109208161,0.));
#679 = CARTESIAN_POINT('',(-10.3806382663,68.016425150126,0.));
#680 = CARTESIAN_POINT('',(-10.32240128613,68.047335637041,0.));
#681 = CARTESIAN_POINT('',(-10.26511505383,68.079883628108,0.));
#682 = CARTESIAN_POINT('',(-10.20887967328,68.114102661572,0.));
#683 = CARTESIAN_POINT('',(-10.05187994329,68.216459673666,0.));
#684 = CARTESIAN_POINT('',(-9.95388701718,68.288715006222,0.));
#685 = CARTESIAN_POINT('',(-9.860535729973,68.366874695282,0.));
#686 = CARTESIAN_POINT('',(-9.772515309917,68.450894522851,0.));
#687 = CARTESIAN_POINT('',(-9.690419898353,68.540515564742,0.));
#688 = CARTESIAN_POINT('',(-9.542043999271,68.725982594183,0.));
#689 = CARTESIAN_POINT('',(-9.475226097073,68.821456445115,0.));
#690 = CARTESIAN_POINT('',(-9.41460967631,68.921136364946,0.));
#691 = CARTESIAN_POINT('',(-9.360312193535,69.024464054722,0.));
#692 = CARTESIAN_POINT('',(-9.312254596691,69.130839172254,0.));
#693 = CARTESIAN_POINT('',(-9.247590739454,69.29828979204,0.));
#694 = CARTESIAN_POINT('',(-9.22669871989,69.357636653287,0.));
#695 = CARTESIAN_POINT('',(-9.207520883489,69.417614902687,0.));
#696 = CARTESIAN_POINT('',(-9.190011727767,69.478143817291,0.));
#697 = CARTESIAN_POINT('',(-9.174118558535,69.539149584973,0.));
#698 = CARTESIAN_POINT('',(-9.128297003889,69.735492826607,0.));
#699 = CARTESIAN_POINT('',(-9.104342260676,69.872383819564,0.));
#700 = CARTESIAN_POINT('',(-9.087311796572,70.010582878083,0.));
#701 = CARTESIAN_POINT('',(-9.076544180079,70.149568416882,0.));
#702 = CARTESIAN_POINT('',(-9.071428571429,70.288969994082,0.));
#703 = CARTESIAN_POINT('',(-9.071428571429,70.428571428571,0.));
#704 = ORIENTED_EDGE('',*,*,#705,.T.);
#705 = EDGE_CURVE('',#669,#706,#708,.T.);
#706 = VERTEX_POINT('',#707);
#707 = CARTESIAN_POINT('',(-9.071428571429,64.,0.));
#708 = LINE('',#709,#710);
#709 = CARTESIAN_POINT('',(4.65262617181,42.007415380401,-2.8E-16));
#710 = VECTOR('',#711,1.);
#711 = DIRECTION('',(0.529407665809,-0.848367563844,0.));
#712 = ORIENTED_EDGE('',*,*,#713,.T.);
#713 = EDGE_CURVE('',#706,#714,#716,.T.);
#714 = VERTEX_POINT('',#715);
#715 = CARTESIAN_POINT('',(-12.64285714285,64.,0.));
#716 = LINE('',#717,#718);
#717 = CARTESIAN_POINT('',(-4.523001027181,64.,0.));
#718 = VECTOR('',#719,1.);
#719 = DIRECTION('',(-1.,0.,0.));
#720 = ORIENTED_EDGE('',*,*,#721,.T.);
#721 = EDGE_CURVE('',#714,#722,#724,.T.);
#722 = VERTEX_POINT('',#723);
#723 = CARTESIAN_POINT('',(-16.21428571428,69.714285714286,0.));
#724 = LINE('',#725,#726);
#725 = CARTESIAN_POINT('',(2.74491452134,39.379565337284,-2.8E-16));
#726 = VECTOR('',#727,1.);
#727 = DIRECTION('',(-0.529998940003,0.847998304005,0.));
#728 = ORIENTED_EDGE('',*,*,#729,.T.);
#729 = EDGE_CURVE('',#722,#730,#732,.T.);
#730 = VERTEX_POINT('',#731);
#731 = CARTESIAN_POINT('',(-12.64285714285,69.714285714286,0.));
#732 = LINE('',#733,#734);
#733 = CARTESIAN_POINT('',(-8.094429598609,69.714285714286,0.));
#734 = VECTOR('',#735,1.);
#735 = DIRECTION('',(1.,0.,0.));
#736 = ORIENTED_EDGE('',*,*,#737,.F.);
#737 = EDGE_CURVE('',#738,#730,#740,.T.);
#738 = VERTEX_POINT('',#739);
#739 = CARTESIAN_POINT('',(-11.92857142857,70.428571428571,0.));
#740 = B_SPLINE_CURVE_WITH_KNOTS('',5,(#741,#742,#743,#744,#745,#746,
    #747,#748,#749,#750,#751,#752,#753,#754,#755,#756,#757,#758,#759,
    #760,#761,#762,#763,#764,#765,#766),.UNSPECIFIED.,.F.,.F.,(6,4,4,4,4
    ,4,6),(0.,0.207636546779,0.308281462578,0.5,0.691718537422,
    0.792363453221,1.),.UNSPECIFIED.);
#741 = CARTESIAN_POINT('',(-11.92857142857,70.428571428571,0.));
#742 = CARTESIAN_POINT('',(-11.92857142857,70.376408961713,0.));
#743 = CARTESIAN_POINT('',(-11.93095259253,70.325033178648,0.));
#744 = CARTESIAN_POINT('',(-11.93600377485,70.274655821443,0.));
#745 = CARTESIAN_POINT('',(-11.94406957048,70.225610812444,0.));
#746 = CARTESIAN_POINT('',(-11.96097264807,70.155384624109,0.));
#747 = CARTESIAN_POINT('',(-11.96727012398,70.132868851033,0.));
#748 = CARTESIAN_POINT('',(-11.97438170698,70.110813370113,0.));
#749 = CARTESIAN_POINT('',(-11.98233581407,70.089270805126,0.));
#750 = CARTESIAN_POINT('',(-12.0079525956,70.028344405824,0.));
#751 = CARTESIAN_POINT('',(-12.02789045071,69.990445417615,0.));
#752 = CARTESIAN_POINT('',(-12.05110199234,69.955008512782,0.));
#753 = CARTESIAN_POINT('',(-12.07759763081,69.922402369183,0.));
#754 = CARTESIAN_POINT('',(-12.13668808346,69.863311916531,0.));
#755 = CARTESIAN_POINT('',(-12.16929422706,69.836816278061,0.));
#756 = CARTESIAN_POINT('',(-12.2047311319,69.813604736427,0.));
#757 = CARTESIAN_POINT('',(-12.24263012011,69.793666881317,0.));
#758 = CARTESIAN_POINT('',(-12.30355651941,69.768050099793,0.));
#759 = CARTESIAN_POINT('',(-12.32509908439,69.760095992697,0.));
#760 = CARTESIAN_POINT('',(-12.34715456531,69.752984409697,0.));
#761 = CARTESIAN_POINT('',(-12.36967033839,69.746686933793,0.));
#762 = CARTESIAN_POINT('',(-12.43989652673,69.729783856204,0.));
#763 = CARTESIAN_POINT('',(-12.48894153572,69.721718060568,0.));
#764 = CARTESIAN_POINT('',(-12.53931889293,69.716666878247,0.));
#765 = CARTESIAN_POINT('',(-12.59069467599,69.714285714286,0.));
#766 = CARTESIAN_POINT('',(-12.64285714285,69.714285714286,0.));
#767 = ORIENTED_EDGE('',*,*,#768,.T.);
#768 = EDGE_CURVE('',#738,#557,#769,.T.);
#769 = LINE('',#770,#771);
#770 = CARTESIAN_POINT('',(-11.92857142857,36.935332405173,0.));
#771 = VECTOR('',#772,1.);
#772 = DIRECTION('',(0.,1.,0.));
#773 = FACE_BOUND('',#774,.F.);
#774 = EDGE_LOOP('',(#775,#808,#816,#865,#873,#922,#930,#938,#946,#977)
  );
#775 = ORIENTED_EDGE('',*,*,#776,.F.);
#776 = EDGE_CURVE('',#777,#779,#781,.T.);
#777 = VERTEX_POINT('',#778);
#778 = CARTESIAN_POINT('',(-4.084761904762,66.142857142857,0.));
#779 = VERTEX_POINT('',#780);
#780 = CARTESIAN_POINT('',(-4.799047619048,66.857142857143,0.));
#781 = B_SPLINE_CURVE_WITH_KNOTS('',5,(#782,#783,#784,#785,#786,#787,
    #788,#789,#790,#791,#792,#793,#794,#795,#796,#797,#798,#799,#800,
    #801,#802,#803,#804,#805,#806,#807),.UNSPECIFIED.,.F.,.F.,(6,4,4,4,4
    ,4,6),(0.,0.207636546779,0.308281462578,0.5,0.691718537422,
    0.792363453221,1.),.UNSPECIFIED.);
#782 = CARTESIAN_POINT('',(-4.084761904762,66.142857142857,0.));
#783 = CARTESIAN_POINT('',(-4.136924371621,66.142857142857,0.));
#784 = CARTESIAN_POINT('',(-4.188300154685,66.145238306819,0.));
#785 = CARTESIAN_POINT('',(-4.23867751189,66.15028948914,0.));
#786 = CARTESIAN_POINT('',(-4.287722520889,66.158355284775,0.));
#787 = CARTESIAN_POINT('',(-4.357948709224,66.175258362364,0.));
#788 = CARTESIAN_POINT('',(-4.3804644823,66.181555838268,0.));
#789 = CARTESIAN_POINT('',(-4.40251996322,66.188667421268,0.));
#790 = CARTESIAN_POINT('',(-4.424062528207,66.196621528364,0.));
#791 = CARTESIAN_POINT('',(-4.484988927509,66.222238309889,0.));
#792 = CARTESIAN_POINT('',(-4.522887915718,66.242176164999,0.));
#793 = CARTESIAN_POINT('',(-4.558324820551,66.265387706632,0.));
#794 = CARTESIAN_POINT('',(-4.59093096415,66.291883345102,0.));
#795 = CARTESIAN_POINT('',(-4.650021416802,66.350973797755,0.));
#796 = CARTESIAN_POINT('',(-4.676517055272,66.383579941353,0.));
#797 = CARTESIAN_POINT('',(-4.699728596906,66.419016846186,0.));
#798 = CARTESIAN_POINT('',(-4.719666452016,66.456915834396,0.));
#799 = CARTESIAN_POINT('',(-4.745283233541,66.517842233698,0.));
#800 = CARTESIAN_POINT('',(-4.753237340637,66.539384798685,0.));
#801 = CARTESIAN_POINT('',(-4.760348923636,66.561440279605,0.));
#802 = CARTESIAN_POINT('',(-4.76664639954,66.583956052681,0.));
#803 = CARTESIAN_POINT('',(-4.78354947713,66.654182241016,0.));
#804 = CARTESIAN_POINT('',(-4.791615272765,66.703227250015,0.));
#805 = CARTESIAN_POINT('',(-4.796666455086,66.753604607219,0.));
#806 = CARTESIAN_POINT('',(-4.799047619048,66.804980390284,0.));
#807 = CARTESIAN_POINT('',(-4.799047619048,66.857142857143,0.));
#808 = ORIENTED_EDGE('',*,*,#809,.T.);
#809 = EDGE_CURVE('',#777,#810,#812,.T.);
#810 = VERTEX_POINT('',#811);
#811 = CARTESIAN_POINT('',(-4.084761904762,64.,0.));
#812 = LINE('',#813,#814);
#813 = CARTESIAN_POINT('',(-4.084761904762,34.792475262316,0.));
#814 = VECTOR('',#815,1.);
#815 = DIRECTION('',(0.,-1.,0.));
#816 = ORIENTED_EDGE('',*,*,#817,.F.);
#817 = EDGE_CURVE('',#818,#810,#820,.T.);
#818 = VERTEX_POINT('',#819);
#819 = CARTESIAN_POINT('',(-7.65619047619,66.857142857143,0.));
#820 = B_SPLINE_CURVE_WITH_KNOTS('',7,(#821,#822,#823,#824,#825,#826,
    #827,#828,#829,#830,#831,#832,#833,#834,#835,#836,#837,#838,#839,
    #840,#841,#842,#843,#844,#845,#846,#847,#848,#849,#850,#851,#852,
    #853,#854,#855,#856,#857,#858,#859,#860,#861,#862,#863,#864),
  .UNSPECIFIED.,.F.,.F.,(8,6,6,6,6,6,6,8),(0.,0.160111479627,
    0.231946257774,0.366192823901,0.479008813054,0.534938391758,
    0.640368569396,1.),.UNSPECIFIED.);
#821 = CARTESIAN_POINT('',(-7.65619047619,66.857142857143,0.));
#822 = CARTESIAN_POINT('',(-7.65619047619,66.737116216787,0.));
#823 = CARTESIAN_POINT('',(-7.652513912652,66.617187699359,0.));
#824 = CARTESIAN_POINT('',(-7.644846888629,66.497477677495,0.));
#825 = CARTESIAN_POINT('',(-7.632841575577,66.37817540383,0.));
#826 = CARTESIAN_POINT('',(-7.616122960882,66.259538217237,0.));
#827 = CARTESIAN_POINT('',(-7.594307451449,66.141888934665,0.));
#828 = CARTESIAN_POINT('',(-7.5547966703,65.973442971487,0.));
#829 = CARTESIAN_POINT('',(-7.541461972251,65.921553785782,0.));
#830 = CARTESIAN_POINT('',(-7.526997443246,65.869980692972,0.));
#831 = CARTESIAN_POINT('',(-7.511372657029,65.818764082319,0.));
#832 = CARTESIAN_POINT('',(-7.494559659537,65.767947544406,0.));
#833 = CARTESIAN_POINT('',(-7.476534071406,65.717577504703,0.));
#834 = CARTESIAN_POINT('',(-7.421286598076,65.574495912756,0.));
#835 = CARTESIAN_POINT('',(-7.380985603292,65.482999642474,0.));
#836 = CARTESIAN_POINT('',(-7.33625335052,65.393562438225,0.));
#837 = CARTESIAN_POINT('',(-7.287024946049,65.306533454323,0.));
#838 = CARTESIAN_POINT('',(-7.233311309335,65.222250419539,0.));
#839 = CARTESIAN_POINT('',(-7.175220024274,65.141027449177,0.));
#840 = CARTESIAN_POINT('',(-7.060668709688,64.997691445285,0.));
#841 = CARTESIAN_POINT('',(-7.005417247785,64.93458325159,0.));
#842 = CARTESIAN_POINT('',(-6.94735056123,64.873981809459,0.));
#843 = CARTESIAN_POINT('',(-6.886628931884,64.816000179376,0.));
#844 = CARTESIAN_POINT('',(-6.823437790998,64.760707522328,0.));
#845 = CARTESIAN_POINT('',(-6.757981343197,64.708135673218,0.));
#846 = CARTESIAN_POINT('',(-6.657009881485,64.633572132262,0.));
#847 = CARTESIAN_POINT('',(-6.623038146237,64.60952612507,0.));
#848 = CARTESIAN_POINT('',(-6.588585961292,64.58614696039,0.));
#849 = CARTESIAN_POINT('',(-6.55367813689,64.563431639195,0.));
#850 = CARTESIAN_POINT('',(-6.518339101247,64.541375213987,0.));
#851 = CARTESIAN_POINT('',(-6.482592684851,64.519971107028,0.));
#852 = CARTESIAN_POINT('',(-6.378353496811,64.460078350188,0.));
#853 = CARTESIAN_POINT('',(-6.308880559069,64.423236090535,0.));
#854 = CARTESIAN_POINT('',(-6.238195079632,64.388629515473,0.));
#855 = CARTESIAN_POINT('',(-6.166438847946,64.356188779418,0.));
#856 = CARTESIAN_POINT('',(-6.093741138173,64.325833969254,0.));
#857 = CARTESIAN_POINT('',(-6.020216392552,64.297479748253,0.));
#858 = CARTESIAN_POINT('',(-5.692673441525,64.180851737946,0.));
#859 = CARTESIAN_POINT('',(-5.431336816652,64.113095014228,0.));
#860 = CARTESIAN_POINT('',(-5.165100904789,64.063918859014,0.));
#861 = CARTESIAN_POINT('',(-4.896255427165,64.030255175918,0.));
#862 = CARTESIAN_POINT('',(-4.626276121029,64.009600577675,0.));
#863 = CARTESIAN_POINT('',(-4.355824897781,64.,0.));
#864 = CARTESIAN_POINT('',(-4.084761904762,64.,0.));
#865 = ORIENTED_EDGE('',*,*,#866,.T.);
#866 = EDGE_CURVE('',#818,#867,#869,.T.);
#867 = VERTEX_POINT('',#868);
#868 = CARTESIAN_POINT('',(-7.65619047619,71.142857142857,0.));
#869 = LINE('',#870,#871);
#870 = CARTESIAN_POINT('',(-7.65619047619,35.149618119459,0.));
#871 = VECTOR('',#872,1.);
#872 = DIRECTION('',(0.,1.,0.));
#873 = ORIENTED_EDGE('',*,*,#874,.F.);
#874 = EDGE_CURVE('',#875,#867,#877,.T.);
#875 = VERTEX_POINT('',#876);
#876 = CARTESIAN_POINT('',(-4.084761904762,74.,0.));
#877 = B_SPLINE_CURVE_WITH_KNOTS('',7,(#878,#879,#880,#881,#882,#883,
    #884,#885,#886,#887,#888,#889,#890,#891,#892,#893,#894,#895,#896,
    #897,#898,#899,#900,#901,#902,#903,#904,#905,#906,#907,#908,#909,
    #910,#911,#912,#913,#914,#915,#916,#917,#918,#919,#920,#921),
  .UNSPECIFIED.,.F.,.F.,(8,6,6,6,6,6,6,8),(0.,0.359631430605,
    0.465061608243,0.520991186947,0.6338071761,0.768053742226,
    0.839888520373,1.),.UNSPECIFIED.);
#878 = CARTESIAN_POINT('',(-4.084761904762,74.,0.));
#879 = CARTESIAN_POINT('',(-4.355824897782,74.,0.));
#880 = CARTESIAN_POINT('',(-4.626276121027,73.990399422325,0.));
#881 = CARTESIAN_POINT('',(-4.89625542717,73.969744824082,0.));
#882 = CARTESIAN_POINT('',(-5.165100904784,73.936081140986,0.));
#883 = CARTESIAN_POINT('',(-5.431336816655,73.886904985771,0.));
#884 = CARTESIAN_POINT('',(-5.692673441525,73.819148262054,0.));
#885 = CARTESIAN_POINT('',(-6.020216392552,73.702520251747,0.));
#886 = CARTESIAN_POINT('',(-6.093741138173,73.674166030746,0.));
#887 = CARTESIAN_POINT('',(-6.166438847946,73.643811220582,0.));
#888 = CARTESIAN_POINT('',(-6.238195079632,73.611370484527,0.));
#889 = CARTESIAN_POINT('',(-6.308880559069,73.576763909465,0.));
#890 = CARTESIAN_POINT('',(-6.378353496811,73.539921649811,0.));
#891 = CARTESIAN_POINT('',(-6.482592684851,73.480028892972,0.));
#892 = CARTESIAN_POINT('',(-6.518339101247,73.458624786013,0.));
#893 = CARTESIAN_POINT('',(-6.55367813689,73.436568360805,0.));
#894 = CARTESIAN_POINT('',(-6.588585961292,73.41385303961,0.));
#895 = CARTESIAN_POINT('',(-6.623038146237,73.39047387493,0.));
#896 = CARTESIAN_POINT('',(-6.657009881486,73.366427867738,0.));
#897 = CARTESIAN_POINT('',(-6.757981343197,73.291864326782,0.));
#898 = CARTESIAN_POINT('',(-6.823437790998,73.239292477672,0.));
#899 = CARTESIAN_POINT('',(-6.886628931884,73.183999820624,0.));
#900 = CARTESIAN_POINT('',(-6.94735056123,73.126018190541,0.));
#901 = CARTESIAN_POINT('',(-7.005417247785,73.06541674841,0.));
#902 = CARTESIAN_POINT('',(-7.060668709688,73.002308554715,0.));
#903 = CARTESIAN_POINT('',(-7.175220024274,72.858972550823,0.));
#904 = CARTESIAN_POINT('',(-7.233311309335,72.777749580461,0.));
#905 = CARTESIAN_POINT('',(-7.287024946049,72.693466545677,0.));
#906 = CARTESIAN_POINT('',(-7.33625335052,72.606437561775,0.));
#907 = CARTESIAN_POINT('',(-7.380985603292,72.517000357526,0.));
#908 = CARTESIAN_POINT('',(-7.421286598076,72.425504087244,0.));
#909 = CARTESIAN_POINT('',(-7.476534071406,72.282422495297,0.));
#910 = CARTESIAN_POINT('',(-7.494559659537,72.232052455594,0.));
#911 = CARTESIAN_POINT('',(-7.511372657029,72.181235917681,0.));
#912 = CARTESIAN_POINT('',(-7.526997443246,72.130019307028,0.));
#913 = CARTESIAN_POINT('',(-7.541461972251,72.078446214218,0.));
#914 = CARTESIAN_POINT('',(-7.5547966703,72.026557028513,0.));
#915 = CARTESIAN_POINT('',(-7.594307451449,71.858111065336,0.));
#916 = CARTESIAN_POINT('',(-7.616122960883,71.740461782763,0.));
#917 = CARTESIAN_POINT('',(-7.632841575577,71.62182459617,0.));
#918 = CARTESIAN_POINT('',(-7.644846888629,71.502522322505,0.));
#919 = CARTESIAN_POINT('',(-7.652513912652,71.382812300641,0.));
#920 = CARTESIAN_POINT('',(-7.65619047619,71.262883783213,0.));
#921 = CARTESIAN_POINT('',(-7.65619047619,71.142857142857,0.));
#922 = ORIENTED_EDGE('',*,*,#923,.T.);
#923 = EDGE_CURVE('',#875,#924,#926,.T.);
#924 = VERTEX_POINT('',#925);
#925 = CARTESIAN_POINT('',(-1.227619047619,74.,0.));
#926 = LINE('',#927,#928);
#927 = CARTESIAN_POINT('',(-2.029667693847,74.,0.));
#928 = VECTOR('',#929,1.);
#929 = DIRECTION('',(1.,0.,0.));
#930 = ORIENTED_EDGE('',*,*,#931,.T.);
#931 = EDGE_CURVE('',#924,#932,#934,.T.);
#932 = VERTEX_POINT('',#933);
#933 = CARTESIAN_POINT('',(-1.227619047619,71.857142857143,0.));
#934 = LINE('',#935,#936);
#935 = CARTESIAN_POINT('',(-1.227619047619,38.721046690887,0.));
#936 = VECTOR('',#937,1.);
#937 = DIRECTION('',(0.,-1.,0.));
#938 = ORIENTED_EDGE('',*,*,#939,.T.);
#939 = EDGE_CURVE('',#932,#940,#942,.T.);
#940 = VERTEX_POINT('',#941);
#941 = CARTESIAN_POINT('',(-4.084761904762,71.857142857143,0.));
#942 = LINE('',#943,#944);
#943 = CARTESIAN_POINT('',(-0.601096265276,71.857142857143,0.));
#944 = VECTOR('',#945,1.);
#945 = DIRECTION('',(-1.,0.,0.));
#946 = ORIENTED_EDGE('',*,*,#947,.F.);
#947 = EDGE_CURVE('',#948,#940,#950,.T.);
#948 = VERTEX_POINT('',#949);
#949 = CARTESIAN_POINT('',(-4.799047619048,71.142857142857,0.));
#950 = B_SPLINE_CURVE_WITH_KNOTS('',5,(#951,#952,#953,#954,#955,#956,
    #957,#958,#959,#960,#961,#962,#963,#964,#965,#966,#967,#968,#969,
    #970,#971,#972,#973,#974,#975,#976),.UNSPECIFIED.,.F.,.F.,(6,4,4,4,4
    ,4,6),(0.,0.207636546779,0.308281462578,0.5,0.691718537422,
    0.792363453221,1.),.UNSPECIFIED.);
#951 = CARTESIAN_POINT('',(-4.799047619048,71.142857142857,0.));
#952 = CARTESIAN_POINT('',(-4.799047619048,71.195019609716,0.));
#953 = CARTESIAN_POINT('',(-4.796666455086,71.246395392781,0.));
#954 = CARTESIAN_POINT('',(-4.791615272765,71.296772749985,0.));
#955 = CARTESIAN_POINT('',(-4.78354947713,71.345817758984,0.));
#956 = CARTESIAN_POINT('',(-4.76664639954,71.416043947319,0.));
#957 = CARTESIAN_POINT('',(-4.760348923636,71.438559720395,0.));
#958 = CARTESIAN_POINT('',(-4.753237340637,71.460615201315,0.));
#959 = CARTESIAN_POINT('',(-4.745283233541,71.482157766302,0.));
#960 = CARTESIAN_POINT('',(-4.719666452016,71.543084165604,0.));
#961 = CARTESIAN_POINT('',(-4.699728596906,71.580983153814,0.));
#962 = CARTESIAN_POINT('',(-4.676517055272,71.616420058647,0.));
#963 = CARTESIAN_POINT('',(-4.650021416802,71.649026202245,0.));
#964 = CARTESIAN_POINT('',(-4.59093096415,71.708116654898,0.));
#965 = CARTESIAN_POINT('',(-4.558324820551,71.734612293368,0.));
#966 = CARTESIAN_POINT('',(-4.522887915718,71.757823835001,0.));
#967 = CARTESIAN_POINT('',(-4.484988927509,71.777761690111,0.));
#968 = CARTESIAN_POINT('',(-4.424062528207,71.803378471636,0.));
#969 = CARTESIAN_POINT('',(-4.40251996322,71.811332578732,0.));
#970 = CARTESIAN_POINT('',(-4.3804644823,71.818444161732,0.));
#971 = CARTESIAN_POINT('',(-4.357948709224,71.824741637636,0.));
#972 = CARTESIAN_POINT('',(-4.287722520889,71.841644715225,0.));
#973 = CARTESIAN_POINT('',(-4.23867751189,71.84971051086,0.));
#974 = CARTESIAN_POINT('',(-4.188300154685,71.854761693181,0.));
#975 = CARTESIAN_POINT('',(-4.136924371621,71.857142857143,0.));
#976 = CARTESIAN_POINT('',(-4.084761904762,71.857142857143,0.));
#977 = ORIENTED_EDGE('',*,*,#978,.T.);
#978 = EDGE_CURVE('',#948,#779,#979,.T.);
#979 = LINE('',#980,#981);
#980 = CARTESIAN_POINT('',(-4.799047619048,37.292475262316,0.));
#981 = VECTOR('',#982,1.);
#982 = DIRECTION('',(0.,-1.,0.));
#983 = FACE_BOUND('',#984,.F.);
#984 = EDGE_LOOP('',(#985,#995,#1003,#1011));
#985 = ORIENTED_EDGE('',*,*,#986,.T.);
#986 = EDGE_CURVE('',#987,#989,#991,.T.);
#987 = VERTEX_POINT('',#988);
#988 = CARTESIAN_POINT('',(4.473333333333,64.,0.));
#989 = VERTEX_POINT('',#990);
#990 = CARTESIAN_POINT('',(4.473333333333,74.,0.));
#991 = LINE('',#992,#993);
#992 = CARTESIAN_POINT('',(4.473333333333,33.721046690887,0.));
#993 = VECTOR('',#994,1.);
#994 = DIRECTION('',(0.,1.,0.));
#995 = ORIENTED_EDGE('',*,*,#996,.T.);
#996 = EDGE_CURVE('',#989,#997,#999,.T.);
#997 = VERTEX_POINT('',#998);
#998 = CARTESIAN_POINT('',(7.330476190476,74.,0.));
#999 = LINE('',#1000,#1001);
#1000 = CARTESIAN_POINT('',(2.2493799252,74.,0.));
#1001 = VECTOR('',#1002,1.);
#1002 = DIRECTION('',(1.,0.,0.));
#1003 = ORIENTED_EDGE('',*,*,#1004,.T.);
#1004 = EDGE_CURVE('',#997,#1005,#1007,.T.);
#1005 = VERTEX_POINT('',#1006);
#1006 = CARTESIAN_POINT('',(7.330476190476,64.,0.));
#1007 = LINE('',#1008,#1009);
#1008 = CARTESIAN_POINT('',(7.330476190476,38.721046690887,0.));
#1009 = VECTOR('',#1010,1.);
#1010 = DIRECTION('',(0.,-1.,0.));
#1011 = ORIENTED_EDGE('',*,*,#1012,.T.);
#1012 = EDGE_CURVE('',#1005,#987,#1013,.T.);
#1013 = LINE('',#1014,#1015);
#1014 = CARTESIAN_POINT('',(3.677951353772,64.,0.));
#1015 = VECTOR('',#1016,1.);
#1016 = DIRECTION('',(-1.,0.,0.));
#1017 = FACE_BOUND('',#1018,.F.);
#1018 = EDGE_LOOP('',(#1019,#1029,#1037,#1045,#1053,#1061,#1069,#1077));
#1019 = ORIENTED_EDGE('',*,*,#1020,.T.);
#1020 = EDGE_CURVE('',#1021,#1023,#1025,.T.);
#1021 = VERTEX_POINT('',#1022);
#1022 = CARTESIAN_POINT('',(12.330476190476,64.,0.));
#1023 = VERTEX_POINT('',#1024);
#1024 = CARTESIAN_POINT('',(12.330476190476,67.571428571429,0.));
#1025 = LINE('',#1026,#1027);
#1026 = CARTESIAN_POINT('',(12.330476190476,33.721046690887,0.));
#1027 = VECTOR('',#1028,1.);
#1028 = DIRECTION('',(0.,1.,0.));
#1029 = ORIENTED_EDGE('',*,*,#1030,.T.);
#1030 = EDGE_CURVE('',#1023,#1031,#1033,.T.);
#1031 = VERTEX_POINT('',#1032);
#1032 = CARTESIAN_POINT('',(9.473333333333,67.571428571429,0.));
#1033 = LINE('',#1034,#1035);
#1034 = CARTESIAN_POINT('',(6.177951353772,67.571428571429,0.));
#1035 = VECTOR('',#1036,1.);
#1036 = DIRECTION('',(-1.,0.,0.));
#1037 = ORIENTED_EDGE('',*,*,#1038,.T.);
#1038 = EDGE_CURVE('',#1031,#1039,#1041,.T.);
#1039 = VERTEX_POINT('',#1040);
#1040 = CARTESIAN_POINT('',(8.044761904762,69.714285714286,0.));
#1041 = LINE('',#1042,#1043);
#1042 = CARTESIAN_POINT('',(22.818886559213,47.55309873261,-2.8E-16));
#1043 = VECTOR('',#1044,1.);
#1044 = DIRECTION('',(-0.554700196225,0.832050294338,0.));
#1045 = ORIENTED_EDGE('',*,*,#1046,.T.);
#1046 = EDGE_CURVE('',#1039,#1047,#1049,.T.);
#1047 = VERTEX_POINT('',#1048);
#1048 = CARTESIAN_POINT('',(12.330476190476,69.714285714286,0.));
#1049 = LINE('',#1050,#1051);
#1050 = CARTESIAN_POINT('',(4.035094210915,69.714285714286,0.));
#1051 = VECTOR('',#1052,1.);
#1052 = DIRECTION('',(1.,0.,0.));
#1053 = ORIENTED_EDGE('',*,*,#1054,.T.);
#1054 = EDGE_CURVE('',#1047,#1055,#1057,.T.);
#1055 = VERTEX_POINT('',#1056);
#1056 = CARTESIAN_POINT('',(12.330476190476,74.,0.));
#1057 = LINE('',#1058,#1059);
#1058 = CARTESIAN_POINT('',(12.330476190476,36.57818954803,0.));
#1059 = VECTOR('',#1060,1.);
#1060 = DIRECTION('',(0.,1.,0.));
#1061 = ORIENTED_EDGE('',*,*,#1062,.T.);
#1062 = EDGE_CURVE('',#1055,#1063,#1065,.T.);
#1063 = VERTEX_POINT('',#1064);
#1064 = CARTESIAN_POINT('',(15.187619047619,74.,0.));
#1065 = LINE('',#1066,#1067);
#1066 = CARTESIAN_POINT('',(6.177951353772,74.,0.));
#1067 = VECTOR('',#1068,1.);
#1068 = DIRECTION('',(1.,0.,0.));
#1069 = ORIENTED_EDGE('',*,*,#1070,.T.);
#1070 = EDGE_CURVE('',#1063,#1071,#1073,.T.);
#1071 = VERTEX_POINT('',#1072);
#1072 = CARTESIAN_POINT('',(15.187619047619,64.,0.));
#1073 = LINE('',#1074,#1075);
#1074 = CARTESIAN_POINT('',(15.187619047619,38.721046690887,0.));
#1075 = VECTOR('',#1076,1.);
#1076 = DIRECTION('',(0.,-1.,0.));
#1077 = ORIENTED_EDGE('',*,*,#1078,.T.);
#1078 = EDGE_CURVE('',#1071,#1021,#1079,.T.);
#1079 = LINE('',#1080,#1081);
#1080 = CARTESIAN_POINT('',(7.606522782343,64.,0.));
#1081 = VECTOR('',#1082,1.);
#1082 = DIRECTION('',(-1.,0.,0.));
#1083 = FACE_BOUND('',#1084,.F.);
#1084 = EDGE_LOOP('',(#1085,#1118,#1126,#1175,#1183,#1191));
#1085 = ORIENTED_EDGE('',*,*,#1086,.F.);
#1086 = EDGE_CURVE('',#1087,#1089,#1091,.T.);
#1087 = VERTEX_POINT('',#1088);
#1088 = CARTESIAN_POINT('',(-0.513333333333,71.857142857143,0.));
#1089 = VERTEX_POINT('',#1090);
#1090 = CARTESIAN_POINT('',(0.200952380952,71.142857142857,0.));
#1091 = B_SPLINE_CURVE_WITH_KNOTS('',5,(#1092,#1093,#1094,#1095,#1096,
    #1097,#1098,#1099,#1100,#1101,#1102,#1103,#1104,#1105,#1106,#1107,
    #1108,#1109,#1110,#1111,#1112,#1113,#1114,#1115,#1116,#1117),
  .UNSPECIFIED.,.F.,.F.,(6,4,4,4,4,4,6),(0.,0.207636546779,
    0.308281462578,0.5,0.691718537422,0.792363453221,1.),.UNSPECIFIED.);
#1092 = CARTESIAN_POINT('',(-0.513333333333,71.857142857143,0.));
#1093 = CARTESIAN_POINT('',(-0.461170866475,71.857142857143,0.));
#1094 = CARTESIAN_POINT('',(-0.40979508341,71.854761693181,0.));
#1095 = CARTESIAN_POINT('',(-0.359417726205,71.84971051086,0.));
#1096 = CARTESIAN_POINT('',(-0.310372717206,71.841644715225,0.));
#1097 = CARTESIAN_POINT('',(-0.240146528871,71.824741637636,0.));
#1098 = CARTESIAN_POINT('',(-0.217630755795,71.818444161732,0.));
#1099 = CARTESIAN_POINT('',(-0.195575274875,71.811332578732,0.));
#1100 = CARTESIAN_POINT('',(-0.174032709888,71.803378471636,0.));
#1101 = CARTESIAN_POINT('',(-0.113106310586,71.777761690111,0.));
#1102 = CARTESIAN_POINT('',(-7.520732237693E-02,71.757823835001,0.));
#1103 = CARTESIAN_POINT('',(-3.97704175438E-02,71.734612293368,0.));
#1104 = CARTESIAN_POINT('',(-7.164273945272E-03,71.708116654898,0.));
#1105 = CARTESIAN_POINT('',(5.19261787072E-02,71.649026202245,0.));
#1106 = CARTESIAN_POINT('',(7.842181717724E-02,71.616420058647,0.));
#1107 = CARTESIAN_POINT('',(0.101633358811,71.580983153814,0.));
#1108 = CARTESIAN_POINT('',(0.121571213921,71.543084165604,0.));
#1109 = CARTESIAN_POINT('',(0.147187995445,71.482157766302,0.));
#1110 = CARTESIAN_POINT('',(0.155142102541,71.460615201315,0.));
#1111 = CARTESIAN_POINT('',(0.162253685541,71.438559720395,0.));
#1112 = CARTESIAN_POINT('',(0.168551161445,71.416043947319,0.));
#1113 = CARTESIAN_POINT('',(0.185454239034,71.345817758984,0.));
#1114 = CARTESIAN_POINT('',(0.19352003467,71.296772749985,0.));
#1115 = CARTESIAN_POINT('',(0.198571216991,71.246395392781,0.));
#1116 = CARTESIAN_POINT('',(0.200952380952,71.195019609716,0.));
#1117 = CARTESIAN_POINT('',(0.200952380952,71.142857142857,0.));
#1118 = ORIENTED_EDGE('',*,*,#1119,.T.);
#1119 = EDGE_CURVE('',#1087,#1120,#1122,.T.);
#1120 = VERTEX_POINT('',#1121);
#1121 = CARTESIAN_POINT('',(-0.513333333333,74.,0.));
#1122 = LINE('',#1123,#1124);
#1123 = CARTESIAN_POINT('',(-0.513333333333,37.649618119459,0.));
#1124 = VECTOR('',#1125,1.);
#1125 = DIRECTION('',(0.,1.,0.));
#1126 = ORIENTED_EDGE('',*,*,#1127,.F.);
#1127 = EDGE_CURVE('',#1128,#1120,#1130,.T.);
#1128 = VERTEX_POINT('',#1129);
#1129 = CARTESIAN_POINT('',(3.058095238095,71.142857142857,0.));
#1130 = B_SPLINE_CURVE_WITH_KNOTS('',7,(#1131,#1132,#1133,#1134,#1135,
    #1136,#1137,#1138,#1139,#1140,#1141,#1142,#1143,#1144,#1145,#1146,
    #1147,#1148,#1149,#1150,#1151,#1152,#1153,#1154,#1155,#1156,#1157,
    #1158,#1159,#1160,#1161,#1162,#1163,#1164,#1165,#1166,#1167,#1168,
    #1169,#1170,#1171,#1172,#1173,#1174),.UNSPECIFIED.,.F.,.F.,(8,6,6,6,
    6,6,6,8),(0.,0.160111479626,0.231946257773,0.3661928239,
    0.479008813052,0.534938391756,0.640368569394,1.),.UNSPECIFIED.);
#1131 = CARTESIAN_POINT('',(3.058095238095,71.142857142857,0.));
#1132 = CARTESIAN_POINT('',(3.058095238095,71.262883783213,0.));
#1133 = CARTESIAN_POINT('',(3.054418674557,71.382812300641,0.));
#1134 = CARTESIAN_POINT('',(3.046751650534,71.502522322505,0.));
#1135 = CARTESIAN_POINT('',(3.034746337482,71.62182459617,0.));
#1136 = CARTESIAN_POINT('',(3.018027722787,71.740461782763,0.));
#1137 = CARTESIAN_POINT('',(2.996212213354,71.858111065336,0.));
#1138 = CARTESIAN_POINT('',(2.956701432205,72.026557028513,0.));
#1139 = CARTESIAN_POINT('',(2.943366734155,72.078446214218,0.));
#1140 = CARTESIAN_POINT('',(2.92890220515,72.130019307028,0.));
#1141 = CARTESIAN_POINT('',(2.913277418934,72.181235917681,0.));
#1142 = CARTESIAN_POINT('',(2.896464421442,72.232052455594,0.));
#1143 = CARTESIAN_POINT('',(2.878438833311,72.282422495297,0.));
#1144 = CARTESIAN_POINT('',(2.82319135998,72.425504087244,0.));
#1145 = CARTESIAN_POINT('',(2.782890365197,72.517000357526,0.));
#1146 = CARTESIAN_POINT('',(2.738158112425,72.606437561775,0.));
#1147 = CARTESIAN_POINT('',(2.688929707954,72.693466545677,0.));
#1148 = CARTESIAN_POINT('',(2.63521607124,72.777749580461,0.));
#1149 = CARTESIAN_POINT('',(2.577124786179,72.858972550823,0.));
#1150 = CARTESIAN_POINT('',(2.462573471593,73.002308554715,0.));
#1151 = CARTESIAN_POINT('',(2.40732200969,73.06541674841,0.));
#1152 = CARTESIAN_POINT('',(2.349255323135,73.126018190541,0.));
#1153 = CARTESIAN_POINT('',(2.288533693789,73.183999820624,0.));
#1154 = CARTESIAN_POINT('',(2.225342552903,73.239292477672,0.));
#1155 = CARTESIAN_POINT('',(2.159886105102,73.291864326782,0.));
#1156 = CARTESIAN_POINT('',(2.05891464339,73.366427867738,0.));
#1157 = CARTESIAN_POINT('',(2.024942908142,73.39047387493,0.));
#1158 = CARTESIAN_POINT('',(1.990490723197,73.41385303961,0.));
#1159 = CARTESIAN_POINT('',(1.955582898795,73.436568360805,0.));
#1160 = CARTESIAN_POINT('',(1.920243863151,73.458624786013,0.));
#1161 = CARTESIAN_POINT('',(1.884497446755,73.480028892972,0.));
#1162 = CARTESIAN_POINT('',(1.780258258715,73.539921649812,0.));
#1163 = CARTESIAN_POINT('',(1.710785320974,73.576763909465,0.));
#1164 = CARTESIAN_POINT('',(1.640099841537,73.611370484527,0.));
#1165 = CARTESIAN_POINT('',(1.568343609851,73.643811220582,0.));
#1166 = CARTESIAN_POINT('',(1.495645900078,73.674166030746,0.));
#1167 = CARTESIAN_POINT('',(1.422121154456,73.702520251747,0.));
#1168 = CARTESIAN_POINT('',(1.094578203428,73.819148262055,0.));
#1169 = CARTESIAN_POINT('',(0.833241578564,73.88690498577,0.));
#1170 = CARTESIAN_POINT('',(0.567005666682,73.936081140989,0.));
#1171 = CARTESIAN_POINT('',(0.298160189081,73.96974482408,0.));
#1172 = CARTESIAN_POINT('',(2.81808829278E-02,73.990399422326,0.));
#1173 = CARTESIAN_POINT('',(-0.242270340313,74.,0.));
#1174 = CARTESIAN_POINT('',(-0.513333333333,74.,0.));
#1175 = ORIENTED_EDGE('',*,*,#1176,.T.);
#1176 = EDGE_CURVE('',#1128,#1177,#1179,.T.);
#1177 = VERTEX_POINT('',#1178);
#1178 = CARTESIAN_POINT('',(3.058095238095,69.714285714286,0.));
#1179 = LINE('',#1180,#1181);
#1180 = CARTESIAN_POINT('',(3.058095238095,37.292475262316,0.));
#1181 = VECTOR('',#1182,1.);
#1182 = DIRECTION('',(0.,-1.,0.));
#1183 = ORIENTED_EDGE('',*,*,#1184,.T.);
#1184 = EDGE_CURVE('',#1177,#1185,#1187,.T.);
#1185 = VERTEX_POINT('',#1186);
#1186 = CARTESIAN_POINT('',(0.200952380952,69.714285714286,0.));
#1187 = LINE('',#1188,#1189);
#1188 = CARTESIAN_POINT('',(1.541760877581,69.714285714286,0.));
#1189 = VECTOR('',#1190,1.);
#1190 = DIRECTION('',(-1.,0.,0.));
#1191 = ORIENTED_EDGE('',*,*,#1192,.T.);
#1192 = EDGE_CURVE('',#1185,#1089,#1193,.T.);
#1193 = LINE('',#1194,#1195);
#1194 = CARTESIAN_POINT('',(0.200952380952,36.57818954803,0.));
#1195 = VECTOR('',#1196,1.);
#1196 = DIRECTION('',(0.,1.,0.));
#1197 = FACE_BOUND('',#1198,.F.);
#1198 = EDGE_LOOP('',(#1199,#1209,#1217,#1225));
#1199 = ORIENTED_EDGE('',*,*,#1200,.T.);
#1200 = EDGE_CURVE('',#1201,#1203,#1205,.T.);
#1201 = VERTEX_POINT('',#1202);
#1202 = CARTESIAN_POINT('',(16.602857142857,64.,0.));
#1203 = VERTEX_POINT('',#1204);
#1204 = CARTESIAN_POINT('',(16.602857142857,71.142857142857,0.));
#1205 = LINE('',#1206,#1207);
#1206 = CARTESIAN_POINT('',(16.602857142857,33.721046690887,0.));
#1207 = VECTOR('',#1208,1.);
#1208 = DIRECTION('',(0.,1.,0.));
#1209 = ORIENTED_EDGE('',*,*,#1210,.T.);
#1210 = EDGE_CURVE('',#1203,#1211,#1213,.T.);
#1211 = VERTEX_POINT('',#1212);
#1212 = CARTESIAN_POINT('',(19.46,71.142857142857,0.));
#1213 = LINE('',#1214,#1215);
#1214 = CARTESIAN_POINT('',(8.314141829962,71.142857142857,0.));
#1215 = VECTOR('',#1216,1.);
#1216 = DIRECTION('',(1.,0.,0.));
#1217 = ORIENTED_EDGE('',*,*,#1218,.T.);
#1218 = EDGE_CURVE('',#1211,#1219,#1221,.T.);
#1219 = VERTEX_POINT('',#1220);
#1220 = CARTESIAN_POINT('',(19.46,64.,0.));
#1221 = LINE('',#1222,#1223);
#1222 = CARTESIAN_POINT('',(19.46,37.292475262316,0.));
#1223 = VECTOR('',#1224,1.);
#1224 = DIRECTION('',(0.,-1.,0.));
#1225 = ORIENTED_EDGE('',*,*,#1226,.T.);
#1226 = EDGE_CURVE('',#1219,#1201,#1227,.T.);
#1227 = LINE('',#1228,#1229);
#1228 = CARTESIAN_POINT('',(9.742713258534,64.,0.));
#1229 = VECTOR('',#1230,1.);
#1230 = DIRECTION('',(-1.,0.,0.));
#1231 = FACE_BOUND('',#1232,.F.);
#1232 = EDGE_LOOP('',(#1233,#1243,#1251,#1259));
#1233 = ORIENTED_EDGE('',*,*,#1234,.T.);
#1234 = EDGE_CURVE('',#1235,#1237,#1239,.T.);
#1235 = VERTEX_POINT('',#1236);
#1236 = CARTESIAN_POINT('',(26.602857142857,69.714285714286,0.));
#1237 = VERTEX_POINT('',#1238);
#1238 = CARTESIAN_POINT('',(26.602857142857,67.571428571429,0.));
#1239 = LINE('',#1240,#1241);
#1240 = CARTESIAN_POINT('',(26.602857142857,36.57818954803,0.));
#1241 = VECTOR('',#1242,1.);
#1242 = DIRECTION('',(0.,-1.,0.));
#1243 = ORIENTED_EDGE('',*,*,#1244,.T.);
#1244 = EDGE_CURVE('',#1237,#1245,#1247,.T.);
#1245 = VERTEX_POINT('',#1246);
#1246 = CARTESIAN_POINT('',(21.602857142857,67.571428571429,0.));
#1247 = LINE('',#1248,#1249);
#1248 = CARTESIAN_POINT('',(13.314141829962,67.571428571429,0.));
#1249 = VECTOR('',#1250,1.);
#1250 = DIRECTION('',(-1.,0.,0.));
#1251 = ORIENTED_EDGE('',*,*,#1252,.T.);
#1252 = EDGE_CURVE('',#1245,#1253,#1255,.T.);
#1253 = VERTEX_POINT('',#1254);
#1254 = CARTESIAN_POINT('',(20.174285714286,69.714285714286,0.));
#1255 = LINE('',#1256,#1257);
#1256 = CARTESIAN_POINT('',(33.082329782656,50.352219611731,-2.8E-16));
#1257 = VECTOR('',#1258,1.);
#1258 = DIRECTION('',(-0.554700196225,0.832050294338,0.));
#1259 = ORIENTED_EDGE('',*,*,#1260,.T.);
#1260 = EDGE_CURVE('',#1253,#1235,#1261,.T.);
#1261 = LINE('',#1262,#1263);
#1262 = CARTESIAN_POINT('',(10.099856115677,69.714285714286,0.));
#1263 = VECTOR('',#1264,1.);
#1264 = DIRECTION('',(1.,0.,0.));
#1265 = FACE_BOUND('',#1266,.F.);
#1266 = EDGE_LOOP('',(#1267,#1277,#1285,#1293));
#1267 = ORIENTED_EDGE('',*,*,#1268,.T.);
#1268 = EDGE_CURVE('',#1269,#1271,#1273,.T.);
#1269 = VERTEX_POINT('',#1270);
#1270 = CARTESIAN_POINT('',(26.602857142857,74.,0.));
#1271 = VERTEX_POINT('',#1272);
#1272 = CARTESIAN_POINT('',(26.602857142857,71.857142857143,0.));
#1273 = LINE('',#1274,#1275);
#1274 = CARTESIAN_POINT('',(26.602857142857,38.721046690887,0.));
#1275 = VECTOR('',#1276,1.);
#1276 = DIRECTION('',(0.,-1.,0.));
#1277 = ORIENTED_EDGE('',*,*,#1278,.T.);
#1278 = EDGE_CURVE('',#1271,#1279,#1281,.T.);
#1279 = VERTEX_POINT('',#1280);
#1280 = CARTESIAN_POINT('',(16.602857142857,71.857142857143,0.));
#1281 = LINE('',#1282,#1283);
#1282 = CARTESIAN_POINT('',(13.314141829962,71.857142857143,0.));
#1283 = VECTOR('',#1284,1.);
#1284 = DIRECTION('',(-1.,0.,0.));
#1285 = ORIENTED_EDGE('',*,*,#1286,.T.);
#1286 = EDGE_CURVE('',#1279,#1287,#1289,.T.);
#1287 = VERTEX_POINT('',#1288);
#1288 = CARTESIAN_POINT('',(16.602857142857,74.,0.));
#1289 = LINE('',#1290,#1291);
#1290 = CARTESIAN_POINT('',(16.602857142857,37.649618119459,0.));
#1291 = VECTOR('',#1292,1.);
#1292 = DIRECTION('',(0.,1.,0.));
#1293 = ORIENTED_EDGE('',*,*,#1294,.T.);
#1294 = EDGE_CURVE('',#1287,#1269,#1295,.T.);
#1295 = LINE('',#1296,#1297);
#1296 = CARTESIAN_POINT('',(8.314141829962,74.,0.));
#1297 = VECTOR('',#1298,1.);
#1298 = DIRECTION('',(1.,0.,0.));
#1299 = FACE_BOUND('',#1300,.F.);
#1300 = EDGE_LOOP('',(#1301,#1311,#1319,#1327));
#1301 = ORIENTED_EDGE('',*,*,#1302,.T.);
#1302 = EDGE_CURVE('',#1303,#1305,#1307,.T.);
#1303 = VERTEX_POINT('',#1304);
#1304 = CARTESIAN_POINT('',(30.640476190476,68.407142857143,0.));
#1305 = VERTEX_POINT('',#1306);
#1306 = CARTESIAN_POINT('',(32.497619047619,66.042857142857,0.));
#1307 = LINE('',#1308,#1309);
#1308 = CARTESIAN_POINT('',(40.578653328582,55.75507888517,0.));
#1309 = VECTOR('',#1310,1.);
#1310 = DIRECTION('',(0.617716620046,-0.786400773982,0.));
#1311 = ORIENTED_EDGE('',*,*,#1312,.T.);
#1312 = EDGE_CURVE('',#1305,#1313,#1315,.T.);
#1313 = VERTEX_POINT('',#1314);
#1314 = CARTESIAN_POINT('',(30.890476190476,64.,0.));
#1315 = LINE('',#1316,#1317);
#1316 = CARTESIAN_POINT('',(11.080079930391,38.818785198292,0.));
#1317 = VECTOR('',#1318,1.);
#1318 = DIRECTION('',(-0.618306890703,-0.785936758849,0.));
#1319 = ORIENTED_EDGE('',*,*,#1320,.T.);
#1320 = EDGE_CURVE('',#1313,#1321,#1323,.T.);
#1321 = VERTEX_POINT('',#1322);
#1322 = CARTESIAN_POINT('',(27.17619047619,64.,0.));
#1323 = LINE('',#1324,#1325);
#1324 = CARTESIAN_POINT('',(15.457951353772,64.,0.));
#1325 = VECTOR('',#1326,1.);
#1326 = DIRECTION('',(-1.,0.,0.));
#1327 = ORIENTED_EDGE('',*,*,#1328,.T.);
#1328 = EDGE_CURVE('',#1321,#1303,#1329,.T.);
#1329 = LINE('',#1330,#1331);
#1330 = CARTESIAN_POINT('',(7.280402088318,38.689275391099,0.));
#1331 = VECTOR('',#1332,1.);
#1332 = DIRECTION('',(0.617990360061,0.786185674552,0.));
#1333 = FACE_BOUND('',#1334,.F.);
#1334 = EDGE_LOOP('',(#1335,#1345,#1353,#1361));
#1335 = ORIENTED_EDGE('',*,*,#1336,.T.);
#1336 = EDGE_CURVE('',#1337,#1339,#1341,.T.);
#1337 = VERTEX_POINT('',#1338);
#1338 = CARTESIAN_POINT('',(30.890476190476,74.,0.));
#1339 = VERTEX_POINT('',#1340);
#1340 = CARTESIAN_POINT('',(38.747619047619,64.,0.));
#1341 = LINE('',#1342,#1343);
#1342 = CARTESIAN_POINT('',(42.138499232628,59.684334309989,0.));
#1343 = VECTOR('',#1344,1.);
#1344 = DIRECTION('',(0.617821551932,-0.786318338822,0.));
#1345 = ORIENTED_EDGE('',*,*,#1346,.T.);
#1346 = EDGE_CURVE('',#1339,#1347,#1349,.T.);
#1347 = VERTEX_POINT('',#1348);
#1348 = CARTESIAN_POINT('',(35.033333333333,64.,0.));
#1349 = LINE('',#1350,#1351);
#1350 = CARTESIAN_POINT('',(19.386522782343,64.,0.));
#1351 = VECTOR('',#1352,1.);
#1352 = DIRECTION('',(-1.,0.,0.));
#1353 = ORIENTED_EDGE('',*,*,#1354,.T.);
#1354 = EDGE_CURVE('',#1347,#1355,#1357,.T.);
#1355 = VERTEX_POINT('',#1356);
#1356 = CARTESIAN_POINT('',(27.17619047619,74.,0.));
#1357 = LINE('',#1358,#1359);
#1358 = CARTESIAN_POINT('',(43.06166281983,53.782126108096,0.));
#1359 = VECTOR('',#1360,1.);
#1360 = DIRECTION('',(-0.617821551932,0.786318338822,0.));
#1361 = ORIENTED_EDGE('',*,*,#1362,.T.);
#1362 = EDGE_CURVE('',#1355,#1337,#1363,.T.);
#1363 = LINE('',#1364,#1365);
#1364 = CARTESIAN_POINT('',(13.600808496629,74.,0.));
#1365 = VECTOR('',#1366,1.);
#1366 = DIRECTION('',(1.,0.,0.));
#1367 = FACE_BOUND('',#1368,.F.);
#1368 = EDGE_LOOP('',(#1369,#1379,#1387,#1395));
#1369 = ORIENTED_EDGE('',*,*,#1370,.T.);
#1370 = EDGE_CURVE('',#1371,#1373,#1375,.T.);
#1371 = VERTEX_POINT('',#1372);
#1372 = CARTESIAN_POINT('',(35.283333333333,69.592857142857,0.));
#1373 = VERTEX_POINT('',#1374);
#1374 = CARTESIAN_POINT('',(33.42619047619,71.957142857143,0.));
#1375 = LINE('',#1376,#1377);
#1376 = CARTESIAN_POINT('',(44.623707988306,57.701841716719,0.));
#1377 = VECTOR('',#1378,1.);
#1378 = DIRECTION('',(-0.617716620046,0.786400773982,0.));
#1379 = ORIENTED_EDGE('',*,*,#1380,.T.);
#1380 = EDGE_CURVE('',#1373,#1381,#1383,.T.);
#1381 = VERTEX_POINT('',#1382);
#1382 = CARTESIAN_POINT('',(35.033333333333,74.,0.));
#1383 = LINE('',#1384,#1385);
#1384 = CARTESIAN_POINT('',(10.394129439155,42.680834161178,0.));
#1385 = VECTOR('',#1386,1.);
#1386 = DIRECTION('',(0.618306890703,0.785936758849,0.));
#1387 = ORIENTED_EDGE('',*,*,#1388,.T.);
#1388 = EDGE_CURVE('',#1381,#1389,#1391,.T.);
#1389 = VERTEX_POINT('',#1390);
#1390 = CARTESIAN_POINT('',(38.747619047619,74.,0.));
#1391 = LINE('',#1392,#1393);
#1392 = CARTESIAN_POINT('',(17.5293799252,74.,0.));
#1393 = VECTOR('',#1394,1.);
#1394 = DIRECTION('',(1.,0.,0.));
#1395 = ORIENTED_EDGE('',*,*,#1396,.T.);
#1396 = EDGE_CURVE('',#1389,#1371,#1397,.T.);
#1397 = LINE('',#1398,#1399);
#1398 = CARTESIAN_POINT('',(14.212920612472,42.787816629927,0.));
#1399 = VECTOR('',#1400,1.);
#1400 = DIRECTION('',(-0.617990360061,-0.786185674552,0.));
#1401 = PLANE('',#1402);
#1402 = AXIS2_PLACEMENT_3D('',#1403,#1404,#1405);
#1403 = CARTESIAN_POINT('',(2.542651706751E-02,3.442093381774,0.));
#1404 = DIRECTION('',(0.,0.,1.));
#1405 = DIRECTION('',(1.,0.,0.));
#1406 = ADVANCED_FACE('',(#1407,#1554,#1606,#1640,#1770,#1804,#1838,
    #2060,#2270,#2304,#2370,#2484,#2518,#2552,#2586,#2620,#2654),#2688,
  .T.);
#1407 = FACE_BOUND('',#1408,.T.);
#1408 = EDGE_LOOP('',(#1409,#1410,#1411,#1419,#1427,#1436,#1444,#1453,
    #1461,#1470,#1478,#1487,#1495,#1504,#1512,#1521,#1529,#1538,#1546,
    #1553));
#1409 = ORIENTED_EDGE('',*,*,#31,.F.);
#1410 = ORIENTED_EDGE('',*,*,#62,.T.);
#1411 = ORIENTED_EDGE('',*,*,#1412,.F.);
#1412 = EDGE_CURVE('',#1413,#63,#1415,.T.);
#1413 = VERTEX_POINT('',#1414);
#1414 = CARTESIAN_POINT('',(185.,-52.5,2.));
#1415 = LINE('',#1416,#1417);
#1416 = CARTESIAN_POINT('',(185.,-52.5,2.));
#1417 = VECTOR('',#1418,1.);
#1418 = DIRECTION('',(0.,-1.,0.));
#1419 = ORIENTED_EDGE('',*,*,#1420,.F.);
#1420 = EDGE_CURVE('',#1421,#1413,#1423,.T.);
#1421 = VERTEX_POINT('',#1422);
#1422 = CARTESIAN_POINT('',(162.192513,-52.5,2.));
#1423 = LINE('',#1424,#1425);
#1424 = CARTESIAN_POINT('',(162.192513,-52.5,2.));
#1425 = VECTOR('',#1426,1.);
#1426 = DIRECTION('',(1.,0.,0.));
#1427 = ORIENTED_EDGE('',*,*,#1428,.F.);
#1428 = EDGE_CURVE('',#1429,#1421,#1431,.T.);
#1429 = VERTEX_POINT('',#1430);
#1430 = CARTESIAN_POINT('',(145.,-35.307487,2.));
#1431 = CIRCLE('',#1432,17.192513);
#1432 = AXIS2_PLACEMENT_3D('',#1433,#1434,#1435);
#1433 = CARTESIAN_POINT('',(162.192513,-35.307487,2.));
#1434 = DIRECTION('',(0.,0.,1.));
#1435 = DIRECTION('',(1.,0.,0.));
#1436 = ORIENTED_EDGE('',*,*,#1437,.F.);
#1437 = EDGE_CURVE('',#1438,#1429,#1440,.T.);
#1438 = VERTEX_POINT('',#1439);
#1439 = CARTESIAN_POINT('',(145.,39.41683,2.));
#1440 = LINE('',#1441,#1442);
#1441 = CARTESIAN_POINT('',(145.,39.41683,2.));
#1442 = VECTOR('',#1443,1.);
#1443 = DIRECTION('',(0.,-1.,0.));
#1444 = ORIENTED_EDGE('',*,*,#1445,.F.);
#1445 = EDGE_CURVE('',#1446,#1438,#1448,.T.);
#1446 = VERTEX_POINT('',#1447);
#1447 = CARTESIAN_POINT('',(158.08317,52.5,2.));
#1448 = CIRCLE('',#1449,13.08317);
#1449 = AXIS2_PLACEMENT_3D('',#1450,#1451,#1452);
#1450 = CARTESIAN_POINT('',(158.08317,39.41683,2.));
#1451 = DIRECTION('',(0.,0.,1.));
#1452 = DIRECTION('',(1.,0.,0.));
#1453 = ORIENTED_EDGE('',*,*,#1454,.F.);
#1454 = EDGE_CURVE('',#1455,#1446,#1457,.T.);
#1455 = VERTEX_POINT('',#1456);
#1456 = CARTESIAN_POINT('',(207.827316,52.5,2.));
#1457 = LINE('',#1458,#1459);
#1458 = CARTESIAN_POINT('',(185.,52.5,2.));
#1459 = VECTOR('',#1460,1.);
#1460 = DIRECTION('',(-1.,0.,0.));
#1461 = ORIENTED_EDGE('',*,*,#1462,.T.);
#1462 = EDGE_CURVE('',#1455,#1463,#1465,.T.);
#1463 = VERTEX_POINT('',#1464);
#1464 = CARTESIAN_POINT('',(215.,59.672684,2.));
#1465 = CIRCLE('',#1466,7.172684);
#1466 = AXIS2_PLACEMENT_3D('',#1467,#1468,#1469);
#1467 = CARTESIAN_POINT('',(207.827316,59.672684,2.));
#1468 = DIRECTION('',(0.,0.,1.));
#1469 = DIRECTION('',(1.,0.,0.));
#1470 = ORIENTED_EDGE('',*,*,#1471,.T.);
#1471 = EDGE_CURVE('',#1463,#1472,#1474,.T.);
#1472 = VERTEX_POINT('',#1473);
#1473 = CARTESIAN_POINT('',(215.,79.248893,2.));
#1474 = LINE('',#1475,#1476);
#1475 = CARTESIAN_POINT('',(215.,59.672684,2.));
#1476 = VECTOR('',#1477,1.);
#1477 = DIRECTION('',(0.,1.,0.));
#1478 = ORIENTED_EDGE('',*,*,#1479,.T.);
#1479 = EDGE_CURVE('',#1472,#1480,#1482,.T.);
#1480 = VERTEX_POINT('',#1481);
#1481 = CARTESIAN_POINT('',(206.748893,87.5,2.));
#1482 = CIRCLE('',#1483,8.251107);
#1483 = AXIS2_PLACEMENT_3D('',#1484,#1485,#1486);
#1484 = CARTESIAN_POINT('',(206.748893,79.248893,2.));
#1485 = DIRECTION('',(0.,0.,1.));
#1486 = DIRECTION('',(1.,0.,0.));
#1487 = ORIENTED_EDGE('',*,*,#1488,.T.);
#1488 = EDGE_CURVE('',#1480,#1489,#1491,.T.);
#1489 = VERTEX_POINT('',#1490);
#1490 = CARTESIAN_POINT('',(-205.485133,87.5,2.));
#1491 = LINE('',#1492,#1493);
#1492 = CARTESIAN_POINT('',(206.748893,87.5,2.));
#1493 = VECTOR('',#1494,1.);
#1494 = DIRECTION('',(-1.,0.,0.));
#1495 = ORIENTED_EDGE('',*,*,#1496,.T.);
#1496 = EDGE_CURVE('',#1489,#1497,#1499,.T.);
#1497 = VERTEX_POINT('',#1498);
#1498 = CARTESIAN_POINT('',(-215.,77.985133,2.));
#1499 = CIRCLE('',#1500,9.514867);
#1500 = AXIS2_PLACEMENT_3D('',#1501,#1502,#1503);
#1501 = CARTESIAN_POINT('',(-205.485133,77.985133,2.));
#1502 = DIRECTION('',(0.,0.,1.));
#1503 = DIRECTION('',(1.,0.,0.));
#1504 = ORIENTED_EDGE('',*,*,#1505,.T.);
#1505 = EDGE_CURVE('',#1497,#1506,#1508,.T.);
#1506 = VERTEX_POINT('',#1507);
#1507 = CARTESIAN_POINT('',(-215.,58.609558,2.));
#1508 = LINE('',#1509,#1510);
#1509 = CARTESIAN_POINT('',(-215.,77.985133,2.));
#1510 = VECTOR('',#1511,1.);
#1511 = DIRECTION('',(0.,-1.,0.));
#1512 = ORIENTED_EDGE('',*,*,#1513,.T.);
#1513 = EDGE_CURVE('',#1506,#1514,#1516,.T.);
#1514 = VERTEX_POINT('',#1515);
#1515 = CARTESIAN_POINT('',(-208.890442,52.5,2.));
#1516 = CIRCLE('',#1517,6.109558);
#1517 = AXIS2_PLACEMENT_3D('',#1518,#1519,#1520);
#1518 = CARTESIAN_POINT('',(-208.890442,58.609558,2.));
#1519 = DIRECTION('',(0.,0.,1.));
#1520 = DIRECTION('',(1.,0.,0.));
#1521 = ORIENTED_EDGE('',*,*,#1522,.F.);
#1522 = EDGE_CURVE('',#1523,#1514,#1525,.T.);
#1523 = VERTEX_POINT('',#1524);
#1524 = CARTESIAN_POINT('',(-157.521054,52.5,2.));
#1525 = LINE('',#1526,#1527);
#1526 = CARTESIAN_POINT('',(-185.,52.5,2.));
#1527 = VECTOR('',#1528,1.);
#1528 = DIRECTION('',(-1.,0.,0.));
#1529 = ORIENTED_EDGE('',*,*,#1530,.F.);
#1530 = EDGE_CURVE('',#1531,#1523,#1533,.T.);
#1531 = VERTEX_POINT('',#1532);
#1532 = CARTESIAN_POINT('',(-145.,39.978946,2.));
#1533 = CIRCLE('',#1534,12.521054);
#1534 = AXIS2_PLACEMENT_3D('',#1535,#1536,#1537);
#1535 = CARTESIAN_POINT('',(-157.521054,39.978946,2.));
#1536 = DIRECTION('',(0.,0.,1.));
#1537 = DIRECTION('',(1.,0.,0.));
#1538 = ORIENTED_EDGE('',*,*,#1539,.F.);
#1539 = EDGE_CURVE('',#1540,#1531,#1542,.T.);
#1540 = VERTEX_POINT('',#1541);
#1541 = CARTESIAN_POINT('',(-145.,-36.203629,2.));
#1542 = LINE('',#1543,#1544);
#1543 = CARTESIAN_POINT('',(-145.,-36.203629,2.));
#1544 = VECTOR('',#1545,1.);
#1545 = DIRECTION('',(0.,1.,0.));
#1546 = ORIENTED_EDGE('',*,*,#1547,.F.);
#1547 = EDGE_CURVE('',#94,#1540,#1548,.T.);
#1548 = CIRCLE('',#1549,16.296371);
#1549 = AXIS2_PLACEMENT_3D('',#1550,#1551,#1552);
#1550 = CARTESIAN_POINT('',(-161.296371,-36.203629,2.));
#1551 = DIRECTION('',(0.,0.,1.));
#1552 = DIRECTION('',(1.,0.,0.));
#1553 = ORIENTED_EDGE('',*,*,#93,.F.);
#1554 = FACE_BOUND('',#1555,.T.);
#1555 = EDGE_LOOP('',(#1556,#1566,#1574,#1583,#1591,#1600));
#1556 = ORIENTED_EDGE('',*,*,#1557,.F.);
#1557 = EDGE_CURVE('',#1558,#1560,#1562,.T.);
#1558 = VERTEX_POINT('',#1559);
#1559 = CARTESIAN_POINT('',(-110.,-52.5,2.));
#1560 = VERTEX_POINT('',#1561);
#1561 = CARTESIAN_POINT('',(110.,-52.5,2.));
#1562 = LINE('',#1563,#1564);
#1563 = CARTESIAN_POINT('',(-110.,-52.5,2.));
#1564 = VECTOR('',#1565,1.);
#1565 = DIRECTION('',(1.,0.,0.));
#1566 = ORIENTED_EDGE('',*,*,#1567,.F.);
#1567 = EDGE_CURVE('',#1568,#1558,#1570,.T.);
#1568 = VERTEX_POINT('',#1569);
#1569 = CARTESIAN_POINT('',(-110.,34.704529,2.));
#1570 = LINE('',#1571,#1572);
#1571 = CARTESIAN_POINT('',(-110.,34.704529,2.));
#1572 = VECTOR('',#1573,1.);
#1573 = DIRECTION('',(0.,-1.,0.));
#1574 = ORIENTED_EDGE('',*,*,#1575,.F.);
#1575 = EDGE_CURVE('',#1576,#1568,#1578,.T.);
#1576 = VERTEX_POINT('',#1577);
#1577 = CARTESIAN_POINT('',(-92.204529,52.5,2.));
#1578 = CIRCLE('',#1579,17.795471);
#1579 = AXIS2_PLACEMENT_3D('',#1580,#1581,#1582);
#1580 = CARTESIAN_POINT('',(-92.204529,34.704529,2.));
#1581 = DIRECTION('',(0.,0.,1.));
#1582 = DIRECTION('',(1.,0.,0.));
#1583 = ORIENTED_EDGE('',*,*,#1584,.F.);
#1584 = EDGE_CURVE('',#1585,#1576,#1587,.T.);
#1585 = VERTEX_POINT('',#1586);
#1586 = CARTESIAN_POINT('',(94.520866,52.5,2.));
#1587 = LINE('',#1588,#1589);
#1588 = CARTESIAN_POINT('',(94.520866,52.5,2.));
#1589 = VECTOR('',#1590,1.);
#1590 = DIRECTION('',(-1.,0.,0.));
#1591 = ORIENTED_EDGE('',*,*,#1592,.F.);
#1592 = EDGE_CURVE('',#1593,#1585,#1595,.T.);
#1593 = VERTEX_POINT('',#1594);
#1594 = CARTESIAN_POINT('',(110.,37.020866,2.));
#1595 = CIRCLE('',#1596,15.479134);
#1596 = AXIS2_PLACEMENT_3D('',#1597,#1598,#1599);
#1597 = CARTESIAN_POINT('',(94.520866,37.020866,2.));
#1598 = DIRECTION('',(0.,0.,1.));
#1599 = DIRECTION('',(1.,0.,0.));
#1600 = ORIENTED_EDGE('',*,*,#1601,.F.);
#1601 = EDGE_CURVE('',#1560,#1593,#1602,.T.);
#1602 = LINE('',#1603,#1604);
#1603 = CARTESIAN_POINT('',(110.,-52.5,2.));
#1604 = VECTOR('',#1605,1.);
#1605 = DIRECTION('',(0.,1.,0.));
#1606 = FACE_BOUND('',#1607,.T.);
#1607 = EDGE_LOOP('',(#1608,#1618,#1626,#1634));
#1608 = ORIENTED_EDGE('',*,*,#1609,.T.);
#1609 = EDGE_CURVE('',#1610,#1612,#1614,.T.);
#1610 = VERTEX_POINT('',#1611);
#1611 = CARTESIAN_POINT('',(-28.12857142857,71.471428571429,2.));
#1612 = VERTEX_POINT('',#1613);
#1613 = CARTESIAN_POINT('',(-26.63571428571,68.514285714286,2.));
#1614 = LINE('',#1615,#1616);
#1615 = CARTESIAN_POINT('',(-11.58542399559,38.701748967356,2.));
#1616 = VECTOR('',#1617,1.);
#1617 = DIRECTION('',(0.450660299579,-0.892695521655,0.));
#1618 = ORIENTED_EDGE('',*,*,#1619,.T.);
#1619 = EDGE_CURVE('',#1612,#1620,#1622,.T.);
#1620 = VERTEX_POINT('',#1621);
#1621 = CARTESIAN_POINT('',(-28.92857142857,64.,2.));
#1622 = LINE('',#1623,#1624);
#1623 = CARTESIAN_POINT('',(-37.03856343284,48.032663717451,2.));
#1624 = VECTOR('',#1625,1.);
#1625 = DIRECTION('',(-0.45284765647,-0.891587909311,0.));
#1626 = ORIENTED_EDGE('',*,*,#1627,.T.);
#1627 = EDGE_CURVE('',#1620,#1628,#1630,.T.);
#1628 = VERTEX_POINT('',#1629);
#1629 = CARTESIAN_POINT('',(-32.,64.,2.));
#1630 = LINE('',#1631,#1632);
#1631 = CARTESIAN_POINT('',(-14.45157245575,64.,2.));
#1632 = VECTOR('',#1633,1.);
#1633 = DIRECTION('',(-1.,0.,0.));
#1634 = ORIENTED_EDGE('',*,*,#1635,.T.);
#1635 = EDGE_CURVE('',#1628,#1610,#1636,.T.);
#1636 = LINE('',#1637,#1638);
#1637 = CARTESIAN_POINT('',(-40.97926972055,46.67100345443,2.));
#1638 = VECTOR('',#1639,1.);
#1639 = DIRECTION('',(0.460069378038,0.887882969423,0.));
#1640 = FACE_BOUND('',#1641,.T.);
#1641 = EDGE_LOOP('',(#1642,#1693,#1701,#1709,#1717,#1748,#1756,#1764));
#1642 = ORIENTED_EDGE('',*,*,#1643,.F.);
#1643 = EDGE_CURVE('',#1644,#1646,#1648,.T.);
#1644 = VERTEX_POINT('',#1645);
#1645 = CARTESIAN_POINT('',(-0.513333333333,64.,2.));
#1646 = VERTEX_POINT('',#1647);
#1647 = CARTESIAN_POINT('',(3.058095238095,66.857142857143,2.));
#1648 = B_SPLINE_CURVE_WITH_KNOTS('',7,(#1649,#1650,#1651,#1652,#1653,
    #1654,#1655,#1656,#1657,#1658,#1659,#1660,#1661,#1662,#1663,#1664,
    #1665,#1666,#1667,#1668,#1669,#1670,#1671,#1672,#1673,#1674,#1675,
    #1676,#1677,#1678,#1679,#1680,#1681,#1682,#1683,#1684,#1685,#1686,
    #1687,#1688,#1689,#1690,#1691,#1692),.UNSPECIFIED.,.F.,.F.,(8,6,6,6,
    6,6,6,8),(0.,0.359631430606,0.465061608243,0.520991186948,
    0.6338071761,0.768053742227,0.839888520374,1.),.UNSPECIFIED.);
#1649 = CARTESIAN_POINT('',(-0.513333333333,64.,2.));
#1650 = CARTESIAN_POINT('',(-0.242270340313,64.,2.));
#1651 = CARTESIAN_POINT('',(2.818088292799E-02,64.009600577674,2.));
#1652 = CARTESIAN_POINT('',(0.298160189081,64.030255175919,2.));
#1653 = CARTESIAN_POINT('',(0.567005666682,64.063918859012,2.));
#1654 = CARTESIAN_POINT('',(0.833241578564,64.11309501423,2.));
#1655 = CARTESIAN_POINT('',(1.094578203428,64.180851737945,2.));
#1656 = CARTESIAN_POINT('',(1.422121154456,64.297479748253,2.));
#1657 = CARTESIAN_POINT('',(1.495645900078,64.325833969254,2.));
#1658 = CARTESIAN_POINT('',(1.568343609851,64.356188779418,2.));
#1659 = CARTESIAN_POINT('',(1.640099841537,64.388629515473,2.));
#1660 = CARTESIAN_POINT('',(1.710785320974,64.423236090535,2.));
#1661 = CARTESIAN_POINT('',(1.780258258716,64.460078350189,2.));
#1662 = CARTESIAN_POINT('',(1.884497446755,64.519971107028,2.));
#1663 = CARTESIAN_POINT('',(1.920243863151,64.541375213987,2.));
#1664 = CARTESIAN_POINT('',(1.955582898795,64.563431639195,2.));
#1665 = CARTESIAN_POINT('',(1.990490723197,64.58614696039,2.));
#1666 = CARTESIAN_POINT('',(2.024942908142,64.60952612507,2.));
#1667 = CARTESIAN_POINT('',(2.05891464339,64.633572132262,2.));
#1668 = CARTESIAN_POINT('',(2.159886105102,64.708135673218,2.));
#1669 = CARTESIAN_POINT('',(2.225342552903,64.760707522328,2.));
#1670 = CARTESIAN_POINT('',(2.288533693789,64.816000179376,2.));
#1671 = CARTESIAN_POINT('',(2.349255323135,64.873981809459,2.));
#1672 = CARTESIAN_POINT('',(2.40732200969,64.93458325159,2.));
#1673 = CARTESIAN_POINT('',(2.462573471593,64.997691445285,2.));
#1674 = CARTESIAN_POINT('',(2.577124786179,65.141027449177,2.));
#1675 = CARTESIAN_POINT('',(2.63521607124,65.222250419539,2.));
#1676 = CARTESIAN_POINT('',(2.688929707954,65.306533454323,2.));
#1677 = CARTESIAN_POINT('',(2.738158112425,65.393562438225,2.));
#1678 = CARTESIAN_POINT('',(2.782890365197,65.482999642474,2.));
#1679 = CARTESIAN_POINT('',(2.82319135998,65.574495912756,2.));
#1680 = CARTESIAN_POINT('',(2.878438833311,65.717577504703,2.));
#1681 = CARTESIAN_POINT('',(2.896464421442,65.767947544406,2.));
#1682 = CARTESIAN_POINT('',(2.913277418934,65.818764082319,2.));
#1683 = CARTESIAN_POINT('',(2.92890220515,65.869980692972,2.));
#1684 = CARTESIAN_POINT('',(2.943366734155,65.921553785782,2.));
#1685 = CARTESIAN_POINT('',(2.956701432205,65.973442971487,2.));
#1686 = CARTESIAN_POINT('',(2.996212213354,66.141888934664,2.));
#1687 = CARTESIAN_POINT('',(3.018027722787,66.259538217237,2.));
#1688 = CARTESIAN_POINT('',(3.034746337482,66.37817540383,2.));
#1689 = CARTESIAN_POINT('',(3.046751650534,66.497477677495,2.));
#1690 = CARTESIAN_POINT('',(3.054418674557,66.61718769936,2.));
#1691 = CARTESIAN_POINT('',(3.058095238095,66.737116216787,2.));
#1692 = CARTESIAN_POINT('',(3.058095238095,66.857142857143,2.));
#1693 = ORIENTED_EDGE('',*,*,#1694,.T.);
#1694 = EDGE_CURVE('',#1644,#1695,#1697,.T.);
#1695 = VERTEX_POINT('',#1696);
#1696 = CARTESIAN_POINT('',(-3.370476190476,64.,2.));
#1697 = LINE('',#1698,#1699);
#1698 = CARTESIAN_POINT('',(-0.243953408133,64.,2.));
#1699 = VECTOR('',#1700,1.);
#1700 = DIRECTION('',(-1.,0.,0.));
#1701 = ORIENTED_EDGE('',*,*,#1702,.T.);
#1702 = EDGE_CURVE('',#1695,#1703,#1705,.T.);
#1703 = VERTEX_POINT('',#1704);
#1704 = CARTESIAN_POINT('',(-3.370476190476,66.142857142857,2.));
#1705 = LINE('',#1706,#1707);
#1706 = CARTESIAN_POINT('',(-3.370476190476,33.721046690887,2.));
#1707 = VECTOR('',#1708,1.);
#1708 = DIRECTION('',(0.,1.,0.));
#1709 = ORIENTED_EDGE('',*,*,#1710,.T.);
#1710 = EDGE_CURVE('',#1703,#1711,#1713,.T.);
#1711 = VERTEX_POINT('',#1712);
#1712 = CARTESIAN_POINT('',(-0.513333333333,66.142857142857,2.));
#1713 = LINE('',#1714,#1715);
#1714 = CARTESIAN_POINT('',(-1.672524836704,66.142857142857,2.));
#1715 = VECTOR('',#1716,1.);
#1716 = DIRECTION('',(1.,0.,0.));
#1717 = ORIENTED_EDGE('',*,*,#1718,.F.);
#1718 = EDGE_CURVE('',#1719,#1711,#1721,.T.);
#1719 = VERTEX_POINT('',#1720);
#1720 = CARTESIAN_POINT('',(0.200952380952,66.857142857143,2.));
#1721 = B_SPLINE_CURVE_WITH_KNOTS('',5,(#1722,#1723,#1724,#1725,#1726,
    #1727,#1728,#1729,#1730,#1731,#1732,#1733,#1734,#1735,#1736,#1737,
    #1738,#1739,#1740,#1741,#1742,#1743,#1744,#1745,#1746,#1747),
  .UNSPECIFIED.,.F.,.F.,(6,4,4,4,4,4,6),(0.,0.207636546779,
    0.308281462578,0.5,0.691718537422,0.792363453221,1.),.UNSPECIFIED.);
#1722 = CARTESIAN_POINT('',(0.200952380952,66.857142857143,2.));
#1723 = CARTESIAN_POINT('',(0.200952380952,66.804980390284,2.));
#1724 = CARTESIAN_POINT('',(0.198571216991,66.753604607219,2.));
#1725 = CARTESIAN_POINT('',(0.19352003467,66.703227250015,2.));
#1726 = CARTESIAN_POINT('',(0.185454239034,66.654182241016,2.));
#1727 = CARTESIAN_POINT('',(0.168551161445,66.583956052681,2.));
#1728 = CARTESIAN_POINT('',(0.162253685541,66.561440279605,2.));
#1729 = CARTESIAN_POINT('',(0.155142102541,66.539384798685,2.));
#1730 = CARTESIAN_POINT('',(0.147187995445,66.517842233698,2.));
#1731 = CARTESIAN_POINT('',(0.121571213921,66.456915834396,2.));
#1732 = CARTESIAN_POINT('',(0.101633358811,66.419016846186,2.));
#1733 = CARTESIAN_POINT('',(7.842181717723E-02,66.383579941353,2.));
#1734 = CARTESIAN_POINT('',(5.19261787072E-02,66.350973797755,2.));
#1735 = CARTESIAN_POINT('',(-7.164273945284E-03,66.291883345102,2.));
#1736 = CARTESIAN_POINT('',(-3.977041754378E-02,66.265387706632,2.));
#1737 = CARTESIAN_POINT('',(-7.520732237695E-02,66.242176164999,2.));
#1738 = CARTESIAN_POINT('',(-0.113106310586,66.222238309889,2.));
#1739 = CARTESIAN_POINT('',(-0.174032709888,66.196621528364,2.));
#1740 = CARTESIAN_POINT('',(-0.195575274875,66.188667421268,2.));
#1741 = CARTESIAN_POINT('',(-0.217630755795,66.181555838268,2.));
#1742 = CARTESIAN_POINT('',(-0.240146528871,66.175258362364,2.));
#1743 = CARTESIAN_POINT('',(-0.310372717206,66.158355284775,2.));
#1744 = CARTESIAN_POINT('',(-0.359417726205,66.15028948914,2.));
#1745 = CARTESIAN_POINT('',(-0.40979508341,66.145238306819,2.));
#1746 = CARTESIAN_POINT('',(-0.461170866475,66.142857142857,2.));
#1747 = CARTESIAN_POINT('',(-0.513333333333,66.142857142857,2.));
#1748 = ORIENTED_EDGE('',*,*,#1749,.T.);
#1749 = EDGE_CURVE('',#1719,#1750,#1752,.T.);
#1750 = VERTEX_POINT('',#1751);
#1751 = CARTESIAN_POINT('',(0.200952380952,68.285714285714,2.));
#1752 = LINE('',#1753,#1754);
#1753 = CARTESIAN_POINT('',(0.200952380952,35.149618119459,2.));
#1754 = VECTOR('',#1755,1.);
#1755 = DIRECTION('',(0.,1.,0.));
#1756 = ORIENTED_EDGE('',*,*,#1757,.T.);
#1757 = EDGE_CURVE('',#1750,#1758,#1760,.T.);
#1758 = VERTEX_POINT('',#1759);
#1759 = CARTESIAN_POINT('',(3.058095238095,68.285714285714,2.));
#1760 = LINE('',#1761,#1762);
#1761 = CARTESIAN_POINT('',(0.11318944901,68.285714285714,2.));
#1762 = VECTOR('',#1763,1.);
#1763 = DIRECTION('',(1.,0.,0.));
#1764 = ORIENTED_EDGE('',*,*,#1765,.T.);
#1765 = EDGE_CURVE('',#1758,#1646,#1766,.T.);
#1766 = LINE('',#1767,#1768);
#1767 = CARTESIAN_POINT('',(3.058095238095,35.863903833744,2.));
#1768 = VECTOR('',#1769,1.);
#1769 = DIRECTION('',(0.,-1.,0.));
#1770 = FACE_BOUND('',#1771,.T.);
#1771 = EDGE_LOOP('',(#1772,#1782,#1790,#1798));
#1772 = ORIENTED_EDGE('',*,*,#1773,.T.);
#1773 = EDGE_CURVE('',#1774,#1776,#1778,.T.);
#1774 = VERTEX_POINT('',#1775);
#1775 = CARTESIAN_POINT('',(-23.5,64.,2.));
#1776 = VERTEX_POINT('',#1777);
#1777 = CARTESIAN_POINT('',(-27.69285714285,72.314285714286,2.));
#1778 = LINE('',#1779,#1780);
#1779 = CARTESIAN_POINT('',(-8.941473514082,35.13096281157,2.));
#1780 = VECTOR('',#1781,1.);
#1781 = DIRECTION('',(-0.450279306802,0.892887756589,0.));
#1782 = ORIENTED_EDGE('',*,*,#1783,.T.);
#1783 = EDGE_CURVE('',#1776,#1784,#1786,.T.);
#1784 = VERTEX_POINT('',#1785);
#1785 = CARTESIAN_POINT('',(-26.21428571428,75.164285714286,2.));
#1786 = LINE('',#1787,#1788);
#1787 = CARTESIAN_POINT('',(-38.8303484687,50.84636765142,2.));
#1788 = VECTOR('',#1789,1.);
#1789 = DIRECTION('',(0.460511964544,0.887653496874,0.));
#1790 = ORIENTED_EDGE('',*,*,#1791,.T.);
#1791 = EDGE_CURVE('',#1784,#1792,#1794,.T.);
#1792 = VERTEX_POINT('',#1793);
#1793 = CARTESIAN_POINT('',(-20.42857142857,64.,2.));
#1794 = LINE('',#1795,#1796);
#1795 = CARTESIAN_POINT('',(-8.786741772263,41.535580552087,2.));
#1796 = VECTOR('',#1797,1.);
#1797 = DIRECTION('',(0.460118182868,-0.887857678794,0.));
#1798 = ORIENTED_EDGE('',*,*,#1799,.T.);
#1799 = EDGE_CURVE('',#1792,#1774,#1800,.T.);
#1800 = LINE('',#1801,#1802);
#1801 = CARTESIAN_POINT('',(-10.20157245575,64.,2.));
#1802 = VECTOR('',#1803,1.);
#1803 = DIRECTION('',(-1.,0.,0.));
#1804 = FACE_BOUND('',#1805,.T.);
#1805 = EDGE_LOOP('',(#1806,#1816,#1824,#1832));
#1806 = ORIENTED_EDGE('',*,*,#1807,.T.);
#1807 = EDGE_CURVE('',#1808,#1810,#1812,.T.);
#1808 = VERTEX_POINT('',#1809);
#1809 = CARTESIAN_POINT('',(-16.92857142857,71.142857142857,2.));
#1810 = VERTEX_POINT('',#1811);
#1811 = CARTESIAN_POINT('',(-16.92857142857,64.,2.));
#1812 = LINE('',#1813,#1814);
#1813 = CARTESIAN_POINT('',(-16.92857142857,37.292475262316,2.));
#1814 = VECTOR('',#1815,1.);
#1815 = DIRECTION('',(0.,-1.,0.));
#1816 = ORIENTED_EDGE('',*,*,#1817,.T.);
#1817 = EDGE_CURVE('',#1810,#1818,#1820,.T.);
#1818 = VERTEX_POINT('',#1819);
#1819 = CARTESIAN_POINT('',(-19.78571428571,64.,2.));
#1820 = LINE('',#1821,#1822);
#1821 = CARTESIAN_POINT('',(-8.451572455752,64.,2.));
#1822 = VECTOR('',#1823,1.);
#1823 = DIRECTION('',(-1.,0.,0.));
#1824 = ORIENTED_EDGE('',*,*,#1825,.T.);
#1825 = EDGE_CURVE('',#1818,#1826,#1828,.T.);
#1826 = VERTEX_POINT('',#1827);
#1827 = CARTESIAN_POINT('',(-19.78571428571,71.142857142857,2.));
#1828 = LINE('',#1829,#1830);
#1829 = CARTESIAN_POINT('',(-19.78571428571,33.721046690887,2.));
#1830 = VECTOR('',#1831,1.);
#1831 = DIRECTION('',(0.,1.,0.));
#1832 = ORIENTED_EDGE('',*,*,#1833,.T.);
#1833 = EDGE_CURVE('',#1826,#1808,#1834,.T.);
#1834 = LINE('',#1835,#1836);
#1835 = CARTESIAN_POINT('',(-9.880143884323,71.142857142857,2.));
#1836 = VECTOR('',#1837,1.);
#1837 = DIRECTION('',(1.,0.,0.));
#1838 = FACE_BOUND('',#1839,.T.);
#1839 = EDGE_LOOP('',(#1840,#1873,#1881,#1889,#1897,#1946,#1954,#1991,
    #1999,#2007,#2015,#2023,#2054));
#1840 = ORIENTED_EDGE('',*,*,#1841,.F.);
#1841 = EDGE_CURVE('',#1842,#1844,#1846,.T.);
#1842 = VERTEX_POINT('',#1843);
#1843 = CARTESIAN_POINT('',(-12.64285714285,71.857142857143,2.));
#1844 = VERTEX_POINT('',#1845);
#1845 = CARTESIAN_POINT('',(-11.92857142857,71.142857142857,2.));
#1846 = B_SPLINE_CURVE_WITH_KNOTS('',5,(#1847,#1848,#1849,#1850,#1851,
    #1852,#1853,#1854,#1855,#1856,#1857,#1858,#1859,#1860,#1861,#1862,
    #1863,#1864,#1865,#1866,#1867,#1868,#1869,#1870,#1871,#1872),
  .UNSPECIFIED.,.F.,.F.,(6,4,4,4,4,4,6),(0.,0.207636546779,
    0.308281462578,0.5,0.691718537422,0.792363453221,1.),.UNSPECIFIED.);
#1847 = CARTESIAN_POINT('',(-12.64285714285,71.857142857143,2.));
#1848 = CARTESIAN_POINT('',(-12.59069467599,71.857142857143,2.));
#1849 = CARTESIAN_POINT('',(-12.53931889293,71.854761693181,2.));
#1850 = CARTESIAN_POINT('',(-12.48894153572,71.84971051086,2.));
#1851 = CARTESIAN_POINT('',(-12.43989652673,71.841644715225,2.));
#1852 = CARTESIAN_POINT('',(-12.36967033839,71.824741637636,2.));
#1853 = CARTESIAN_POINT('',(-12.34715456531,71.818444161732,2.));
#1854 = CARTESIAN_POINT('',(-12.32509908439,71.811332578732,2.));
#1855 = CARTESIAN_POINT('',(-12.30355651941,71.803378471636,2.));
#1856 = CARTESIAN_POINT('',(-12.24263012011,71.777761690111,2.));
#1857 = CARTESIAN_POINT('',(-12.2047311319,71.757823835001,2.));
#1858 = CARTESIAN_POINT('',(-12.16929422706,71.734612293368,2.));
#1859 = CARTESIAN_POINT('',(-12.13668808346,71.708116654898,2.));
#1860 = CARTESIAN_POINT('',(-12.07759763081,71.649026202245,2.));
#1861 = CARTESIAN_POINT('',(-12.05110199234,71.616420058647,2.));
#1862 = CARTESIAN_POINT('',(-12.02789045071,71.580983153814,2.));
#1863 = CARTESIAN_POINT('',(-12.0079525956,71.543084165604,2.));
#1864 = CARTESIAN_POINT('',(-11.98233581407,71.482157766302,2.));
#1865 = CARTESIAN_POINT('',(-11.97438170698,71.460615201315,2.));
#1866 = CARTESIAN_POINT('',(-11.96727012398,71.438559720395,2.));
#1867 = CARTESIAN_POINT('',(-11.96097264807,71.416043947319,2.));
#1868 = CARTESIAN_POINT('',(-11.94406957048,71.345817758984,2.));
#1869 = CARTESIAN_POINT('',(-11.93600377485,71.296772749985,2.));
#1870 = CARTESIAN_POINT('',(-11.93095259253,71.246395392781,2.));
#1871 = CARTESIAN_POINT('',(-11.92857142857,71.195019609716,2.));
#1872 = CARTESIAN_POINT('',(-11.92857142857,71.142857142857,2.));
#1873 = ORIENTED_EDGE('',*,*,#1874,.T.);
#1874 = EDGE_CURVE('',#1842,#1875,#1877,.T.);
#1875 = VERTEX_POINT('',#1876);
#1876 = CARTESIAN_POINT('',(-19.78571428571,71.857142857143,2.));
#1877 = LINE('',#1878,#1879);
#1878 = CARTESIAN_POINT('',(-6.308715312895,71.857142857143,2.));
#1879 = VECTOR('',#1880,1.);
#1880 = DIRECTION('',(-1.,0.,0.));
#1881 = ORIENTED_EDGE('',*,*,#1882,.T.);
#1882 = EDGE_CURVE('',#1875,#1883,#1885,.T.);
#1883 = VERTEX_POINT('',#1884);
#1884 = CARTESIAN_POINT('',(-19.78571428571,74.,2.));
#1885 = LINE('',#1886,#1887);
#1886 = CARTESIAN_POINT('',(-19.78571428571,37.649618119459,2.));
#1887 = VECTOR('',#1888,1.);
#1888 = DIRECTION('',(0.,1.,0.));
#1889 = ORIENTED_EDGE('',*,*,#1890,.T.);
#1890 = EDGE_CURVE('',#1883,#1891,#1893,.T.);
#1891 = VERTEX_POINT('',#1892);
#1892 = CARTESIAN_POINT('',(-12.64285714285,74.,2.));
#1893 = LINE('',#1894,#1895);
#1894 = CARTESIAN_POINT('',(-9.880143884323,74.,2.));
#1895 = VECTOR('',#1896,1.);
#1896 = DIRECTION('',(1.,0.,0.));
#1897 = ORIENTED_EDGE('',*,*,#1898,.F.);
#1898 = EDGE_CURVE('',#1899,#1891,#1901,.T.);
#1899 = VERTEX_POINT('',#1900);
#1900 = CARTESIAN_POINT('',(-9.071428571429,71.142857142857,2.));
#1901 = B_SPLINE_CURVE_WITH_KNOTS('',7,(#1902,#1903,#1904,#1905,#1906,
    #1907,#1908,#1909,#1910,#1911,#1912,#1913,#1914,#1915,#1916,#1917,
    #1918,#1919,#1920,#1921,#1922,#1923,#1924,#1925,#1926,#1927,#1928,
    #1929,#1930,#1931,#1932,#1933,#1934,#1935,#1936,#1937,#1938,#1939,
    #1940,#1941,#1942,#1943,#1944,#1945),.UNSPECIFIED.,.F.,.F.,(8,6,6,6,
    6,6,6,8),(0.,0.160111479626,0.231946257773,0.3661928239,
    0.479008813052,0.534938391757,0.640368569394,1.),.UNSPECIFIED.);
#1902 = CARTESIAN_POINT('',(-9.071428571429,71.142857142857,2.));
#1903 = CARTESIAN_POINT('',(-9.071428571429,71.262883783213,2.));
#1904 = CARTESIAN_POINT('',(-9.075105134967,71.382812300641,2.));
#1905 = CARTESIAN_POINT('',(-9.08277215899,71.502522322505,2.));
#1906 = CARTESIAN_POINT('',(-9.094777472042,71.62182459617,2.));
#1907 = CARTESIAN_POINT('',(-9.111496086737,71.740461782763,2.));
#1908 = CARTESIAN_POINT('',(-9.13331159617,71.858111065336,2.));
#1909 = CARTESIAN_POINT('',(-9.172822377319,72.026557028513,2.));
#1910 = CARTESIAN_POINT('',(-9.186157075368,72.078446214218,2.));
#1911 = CARTESIAN_POINT('',(-9.200621604374,72.130019307028,2.));
#1912 = CARTESIAN_POINT('',(-9.21624639059,72.181235917681,2.));
#1913 = CARTESIAN_POINT('',(-9.233059388082,72.232052455594,2.));
#1914 = CARTESIAN_POINT('',(-9.251084976213,72.282422495297,2.));
#1915 = CARTESIAN_POINT('',(-9.306332449543,72.425504087244,2.));
#1916 = CARTESIAN_POINT('',(-9.346633444327,72.517000357526,2.));
#1917 = CARTESIAN_POINT('',(-9.391365697099,72.606437561775,2.));
#1918 = CARTESIAN_POINT('',(-9.44059410157,72.693466545677,2.));
#1919 = CARTESIAN_POINT('',(-9.494307738284,72.777749580461,2.));
#1920 = CARTESIAN_POINT('',(-9.552399023345,72.858972550823,2.));
#1921 = CARTESIAN_POINT('',(-9.666950337931,73.002308554715,2.));
#1922 = CARTESIAN_POINT('',(-9.722201799834,73.06541674841,2.));
#1923 = CARTESIAN_POINT('',(-9.780268486389,73.126018190541,2.));
#1924 = CARTESIAN_POINT('',(-9.840990115735,73.183999820624,2.));
#1925 = CARTESIAN_POINT('',(-9.904181256621,73.239292477672,2.));
#1926 = CARTESIAN_POINT('',(-9.969637704422,73.291864326782,2.));
#1927 = CARTESIAN_POINT('',(-10.07060916613,73.366427867738,2.));
#1928 = CARTESIAN_POINT('',(-10.10458090138,73.39047387493,2.));
#1929 = CARTESIAN_POINT('',(-10.13903308632,73.41385303961,2.));
#1930 = CARTESIAN_POINT('',(-10.17394091072,73.436568360805,2.));
#1931 = CARTESIAN_POINT('',(-10.20927994637,73.458624786013,2.));
#1932 = CARTESIAN_POINT('',(-10.24502636276,73.480028892972,2.));
#1933 = CARTESIAN_POINT('',(-10.3492655508,73.539921649811,2.));
#1934 = CARTESIAN_POINT('',(-10.41873848855,73.576763909465,2.));
#1935 = CARTESIAN_POINT('',(-10.48942396798,73.611370484527,2.));
#1936 = CARTESIAN_POINT('',(-10.56118019967,73.643811220582,2.));
#1937 = CARTESIAN_POINT('',(-10.63387790944,73.674166030746,2.));
#1938 = CARTESIAN_POINT('',(-10.70740265506,73.702520251747,2.));
#1939 = CARTESIAN_POINT('',(-11.03494560609,73.819148262055,2.));
#1940 = CARTESIAN_POINT('',(-11.29628223096,73.88690498577,2.));
#1941 = CARTESIAN_POINT('',(-11.56251814284,73.936081140988,2.));
#1942 = CARTESIAN_POINT('',(-11.83136362044,73.96974482408,2.));
#1943 = CARTESIAN_POINT('',(-12.10134292659,73.990399422326,2.));
#1944 = CARTESIAN_POINT('',(-12.37179414983,74.,2.));
#1945 = CARTESIAN_POINT('',(-12.64285714285,74.,2.));
#1946 = ORIENTED_EDGE('',*,*,#1947,.T.);
#1947 = EDGE_CURVE('',#1899,#1948,#1950,.T.);
#1948 = VERTEX_POINT('',#1949);
#1949 = CARTESIAN_POINT('',(-9.071428571429,70.428571428571,2.));
#1950 = LINE('',#1951,#1952);
#1951 = CARTESIAN_POINT('',(-9.071428571429,37.292475262316,2.));
#1952 = VECTOR('',#1953,1.);
#1953 = DIRECTION('',(0.,-1.,0.));
#1954 = ORIENTED_EDGE('',*,*,#1955,.F.);
#1955 = EDGE_CURVE('',#1956,#1948,#1958,.T.);
#1956 = VERTEX_POINT('',#1957);
#1957 = CARTESIAN_POINT('',(-11.37142857142,67.685714285714,2.));
#1958 = B_SPLINE_CURVE_WITH_KNOTS('',6,(#1959,#1960,#1961,#1962,#1963,
    #1964,#1965,#1966,#1967,#1968,#1969,#1970,#1971,#1972,#1973,#1974,
    #1975,#1976,#1977,#1978,#1979,#1980,#1981,#1982,#1983,#1984,#1985,
    #1986,#1987,#1988,#1989,#1990),.UNSPECIFIED.,.F.,.F.,(7,5,5,5,5,5,7)
  ,(0.,0.230712237359,0.330863315363,0.51618075652,0.693900688665,
    0.789649921454,1.),.UNSPECIFIED.);
#1959 = CARTESIAN_POINT('',(-11.37142857142,67.685714285714,2.));
#1960 = CARTESIAN_POINT('',(-11.22101879265,67.715142285908,2.));
#1961 = CARTESIAN_POINT('',(-11.07194806006,67.750191509064,2.));
#1962 = CARTESIAN_POINT('',(-10.92457840184,67.79146131725,2.));
#1963 = CARTESIAN_POINT('',(-10.77949777891,67.839617390251,2.));
#1964 = CARTESIAN_POINT('',(-10.63751246684,67.895368550955,2.));
#1965 = CARTESIAN_POINT('',(-10.43973253042,67.987109208161,2.));
#1966 = CARTESIAN_POINT('',(-10.3806382663,68.016425150126,2.));
#1967 = CARTESIAN_POINT('',(-10.32240128613,68.047335637041,2.));
#1968 = CARTESIAN_POINT('',(-10.26511505383,68.079883628108,2.));
#1969 = CARTESIAN_POINT('',(-10.20887967328,68.114102661572,2.));
#1970 = CARTESIAN_POINT('',(-10.05187994329,68.216459673666,2.));
#1971 = CARTESIAN_POINT('',(-9.95388701718,68.288715006222,2.));
#1972 = CARTESIAN_POINT('',(-9.860535729973,68.366874695282,2.));
#1973 = CARTESIAN_POINT('',(-9.772515309917,68.450894522851,2.));
#1974 = CARTESIAN_POINT('',(-9.690419898353,68.540515564742,2.));
#1975 = CARTESIAN_POINT('',(-9.542043999271,68.725982594183,2.));
#1976 = CARTESIAN_POINT('',(-9.475226097073,68.821456445115,2.));
#1977 = CARTESIAN_POINT('',(-9.41460967631,68.921136364946,2.));
#1978 = CARTESIAN_POINT('',(-9.360312193535,69.024464054722,2.));
#1979 = CARTESIAN_POINT('',(-9.312254596691,69.130839172254,2.));
#1980 = CARTESIAN_POINT('',(-9.247590739454,69.29828979204,2.));
#1981 = CARTESIAN_POINT('',(-9.22669871989,69.357636653287,2.));
#1982 = CARTESIAN_POINT('',(-9.207520883489,69.417614902687,2.));
#1983 = CARTESIAN_POINT('',(-9.190011727767,69.478143817291,2.));
#1984 = CARTESIAN_POINT('',(-9.174118558535,69.539149584973,2.));
#1985 = CARTESIAN_POINT('',(-9.128297003889,69.735492826607,2.));
#1986 = CARTESIAN_POINT('',(-9.104342260676,69.872383819564,2.));
#1987 = CARTESIAN_POINT('',(-9.087311796572,70.010582878083,2.));
#1988 = CARTESIAN_POINT('',(-9.076544180079,70.149568416882,2.));
#1989 = CARTESIAN_POINT('',(-9.071428571429,70.288969994082,2.));
#1990 = CARTESIAN_POINT('',(-9.071428571429,70.428571428571,2.));
#1991 = ORIENTED_EDGE('',*,*,#1992,.T.);
#1992 = EDGE_CURVE('',#1956,#1993,#1995,.T.);
#1993 = VERTEX_POINT('',#1994);
#1994 = CARTESIAN_POINT('',(-9.071428571429,64.,2.));
#1995 = LINE('',#1996,#1997);
#1996 = CARTESIAN_POINT('',(4.65262617181,42.007415380401,2.));
#1997 = VECTOR('',#1998,1.);
#1998 = DIRECTION('',(0.529407665809,-0.848367563844,0.));
#1999 = ORIENTED_EDGE('',*,*,#2000,.T.);
#2000 = EDGE_CURVE('',#1993,#2001,#2003,.T.);
#2001 = VERTEX_POINT('',#2002);
#2002 = CARTESIAN_POINT('',(-12.64285714285,64.,2.));
#2003 = LINE('',#2004,#2005);
#2004 = CARTESIAN_POINT('',(-4.523001027181,64.,2.));
#2005 = VECTOR('',#2006,1.);
#2006 = DIRECTION('',(-1.,0.,0.));
#2007 = ORIENTED_EDGE('',*,*,#2008,.T.);
#2008 = EDGE_CURVE('',#2001,#2009,#2011,.T.);
#2009 = VERTEX_POINT('',#2010);
#2010 = CARTESIAN_POINT('',(-16.21428571428,69.714285714286,2.));
#2011 = LINE('',#2012,#2013);
#2012 = CARTESIAN_POINT('',(2.74491452134,39.379565337284,2.));
#2013 = VECTOR('',#2014,1.);
#2014 = DIRECTION('',(-0.529998940003,0.847998304005,0.));
#2015 = ORIENTED_EDGE('',*,*,#2016,.T.);
#2016 = EDGE_CURVE('',#2009,#2017,#2019,.T.);
#2017 = VERTEX_POINT('',#2018);
#2018 = CARTESIAN_POINT('',(-12.64285714285,69.714285714286,2.));
#2019 = LINE('',#2020,#2021);
#2020 = CARTESIAN_POINT('',(-8.094429598609,69.714285714286,2.));
#2021 = VECTOR('',#2022,1.);
#2022 = DIRECTION('',(1.,0.,0.));
#2023 = ORIENTED_EDGE('',*,*,#2024,.F.);
#2024 = EDGE_CURVE('',#2025,#2017,#2027,.T.);
#2025 = VERTEX_POINT('',#2026);
#2026 = CARTESIAN_POINT('',(-11.92857142857,70.428571428571,2.));
#2027 = B_SPLINE_CURVE_WITH_KNOTS('',5,(#2028,#2029,#2030,#2031,#2032,
    #2033,#2034,#2035,#2036,#2037,#2038,#2039,#2040,#2041,#2042,#2043,
    #2044,#2045,#2046,#2047,#2048,#2049,#2050,#2051,#2052,#2053),
  .UNSPECIFIED.,.F.,.F.,(6,4,4,4,4,4,6),(0.,0.207636546779,
    0.308281462578,0.5,0.691718537422,0.792363453221,1.),.UNSPECIFIED.);
#2028 = CARTESIAN_POINT('',(-11.92857142857,70.428571428571,2.));
#2029 = CARTESIAN_POINT('',(-11.92857142857,70.376408961713,2.));
#2030 = CARTESIAN_POINT('',(-11.93095259253,70.325033178648,2.));
#2031 = CARTESIAN_POINT('',(-11.93600377485,70.274655821443,2.));
#2032 = CARTESIAN_POINT('',(-11.94406957048,70.225610812444,2.));
#2033 = CARTESIAN_POINT('',(-11.96097264807,70.155384624109,2.));
#2034 = CARTESIAN_POINT('',(-11.96727012398,70.132868851033,2.));
#2035 = CARTESIAN_POINT('',(-11.97438170698,70.110813370113,2.));
#2036 = CARTESIAN_POINT('',(-11.98233581407,70.089270805126,2.));
#2037 = CARTESIAN_POINT('',(-12.0079525956,70.028344405824,2.));
#2038 = CARTESIAN_POINT('',(-12.02789045071,69.990445417615,2.));
#2039 = CARTESIAN_POINT('',(-12.05110199234,69.955008512782,2.));
#2040 = CARTESIAN_POINT('',(-12.07759763081,69.922402369183,2.));
#2041 = CARTESIAN_POINT('',(-12.13668808346,69.863311916531,2.));
#2042 = CARTESIAN_POINT('',(-12.16929422706,69.836816278061,2.));
#2043 = CARTESIAN_POINT('',(-12.2047311319,69.813604736427,2.));
#2044 = CARTESIAN_POINT('',(-12.24263012011,69.793666881317,2.));
#2045 = CARTESIAN_POINT('',(-12.30355651941,69.768050099793,2.));
#2046 = CARTESIAN_POINT('',(-12.32509908439,69.760095992697,2.));
#2047 = CARTESIAN_POINT('',(-12.34715456531,69.752984409697,2.));
#2048 = CARTESIAN_POINT('',(-12.36967033839,69.746686933793,2.));
#2049 = CARTESIAN_POINT('',(-12.43989652673,69.729783856204,2.));
#2050 = CARTESIAN_POINT('',(-12.48894153572,69.721718060568,2.));
#2051 = CARTESIAN_POINT('',(-12.53931889293,69.716666878247,2.));
#2052 = CARTESIAN_POINT('',(-12.59069467599,69.714285714286,2.));
#2053 = CARTESIAN_POINT('',(-12.64285714285,69.714285714286,2.));
#2054 = ORIENTED_EDGE('',*,*,#2055,.T.);
#2055 = EDGE_CURVE('',#2025,#1844,#2056,.T.);
#2056 = LINE('',#2057,#2058);
#2057 = CARTESIAN_POINT('',(-11.92857142857,36.935332405173,2.));
#2058 = VECTOR('',#2059,1.);
#2059 = DIRECTION('',(0.,1.,0.));
#2060 = FACE_BOUND('',#2061,.T.);
#2061 = EDGE_LOOP('',(#2062,#2095,#2103,#2152,#2160,#2209,#2217,#2225,
    #2233,#2264));
#2062 = ORIENTED_EDGE('',*,*,#2063,.F.);
#2063 = EDGE_CURVE('',#2064,#2066,#2068,.T.);
#2064 = VERTEX_POINT('',#2065);
#2065 = CARTESIAN_POINT('',(-4.084761904762,66.142857142857,2.));
#2066 = VERTEX_POINT('',#2067);
#2067 = CARTESIAN_POINT('',(-4.799047619048,66.857142857143,2.));
#2068 = B_SPLINE_CURVE_WITH_KNOTS('',5,(#2069,#2070,#2071,#2072,#2073,
    #2074,#2075,#2076,#2077,#2078,#2079,#2080,#2081,#2082,#2083,#2084,
    #2085,#2086,#2087,#2088,#2089,#2090,#2091,#2092,#2093,#2094),
  .UNSPECIFIED.,.F.,.F.,(6,4,4,4,4,4,6),(0.,0.207636546779,
    0.308281462578,0.5,0.691718537422,0.792363453221,1.),.UNSPECIFIED.);
#2069 = CARTESIAN_POINT('',(-4.084761904762,66.142857142857,2.));
#2070 = CARTESIAN_POINT('',(-4.136924371621,66.142857142857,2.));
#2071 = CARTESIAN_POINT('',(-4.188300154685,66.145238306819,2.));
#2072 = CARTESIAN_POINT('',(-4.23867751189,66.15028948914,2.));
#2073 = CARTESIAN_POINT('',(-4.287722520889,66.158355284775,2.));
#2074 = CARTESIAN_POINT('',(-4.357948709224,66.175258362364,2.));
#2075 = CARTESIAN_POINT('',(-4.3804644823,66.181555838268,2.));
#2076 = CARTESIAN_POINT('',(-4.40251996322,66.188667421268,2.));
#2077 = CARTESIAN_POINT('',(-4.424062528207,66.196621528364,2.));
#2078 = CARTESIAN_POINT('',(-4.484988927509,66.222238309889,2.));
#2079 = CARTESIAN_POINT('',(-4.522887915718,66.242176164999,2.));
#2080 = CARTESIAN_POINT('',(-4.558324820551,66.265387706632,2.));
#2081 = CARTESIAN_POINT('',(-4.59093096415,66.291883345102,2.));
#2082 = CARTESIAN_POINT('',(-4.650021416802,66.350973797755,2.));
#2083 = CARTESIAN_POINT('',(-4.676517055272,66.383579941353,2.));
#2084 = CARTESIAN_POINT('',(-4.699728596906,66.419016846186,2.));
#2085 = CARTESIAN_POINT('',(-4.719666452016,66.456915834396,2.));
#2086 = CARTESIAN_POINT('',(-4.745283233541,66.517842233698,2.));
#2087 = CARTESIAN_POINT('',(-4.753237340637,66.539384798685,2.));
#2088 = CARTESIAN_POINT('',(-4.760348923636,66.561440279605,2.));
#2089 = CARTESIAN_POINT('',(-4.76664639954,66.583956052681,2.));
#2090 = CARTESIAN_POINT('',(-4.78354947713,66.654182241016,2.));
#2091 = CARTESIAN_POINT('',(-4.791615272765,66.703227250015,2.));
#2092 = CARTESIAN_POINT('',(-4.796666455086,66.753604607219,2.));
#2093 = CARTESIAN_POINT('',(-4.799047619048,66.804980390284,2.));
#2094 = CARTESIAN_POINT('',(-4.799047619048,66.857142857143,2.));
#2095 = ORIENTED_EDGE('',*,*,#2096,.T.);
#2096 = EDGE_CURVE('',#2064,#2097,#2099,.T.);
#2097 = VERTEX_POINT('',#2098);
#2098 = CARTESIAN_POINT('',(-4.084761904762,64.,2.));
#2099 = LINE('',#2100,#2101);
#2100 = CARTESIAN_POINT('',(-4.084761904762,34.792475262316,2.));
#2101 = VECTOR('',#2102,1.);
#2102 = DIRECTION('',(0.,-1.,0.));
#2103 = ORIENTED_EDGE('',*,*,#2104,.F.);
#2104 = EDGE_CURVE('',#2105,#2097,#2107,.T.);
#2105 = VERTEX_POINT('',#2106);
#2106 = CARTESIAN_POINT('',(-7.65619047619,66.857142857143,2.));
#2107 = B_SPLINE_CURVE_WITH_KNOTS('',7,(#2108,#2109,#2110,#2111,#2112,
    #2113,#2114,#2115,#2116,#2117,#2118,#2119,#2120,#2121,#2122,#2123,
    #2124,#2125,#2126,#2127,#2128,#2129,#2130,#2131,#2132,#2133,#2134,
    #2135,#2136,#2137,#2138,#2139,#2140,#2141,#2142,#2143,#2144,#2145,
    #2146,#2147,#2148,#2149,#2150,#2151),.UNSPECIFIED.,.F.,.F.,(8,6,6,6,
    6,6,6,8),(0.,0.160111479627,0.231946257774,0.366192823901,
    0.479008813054,0.534938391758,0.640368569396,1.),.UNSPECIFIED.);
#2108 = CARTESIAN_POINT('',(-7.65619047619,66.857142857143,2.));
#2109 = CARTESIAN_POINT('',(-7.65619047619,66.737116216787,2.));
#2110 = CARTESIAN_POINT('',(-7.652513912652,66.617187699359,2.));
#2111 = CARTESIAN_POINT('',(-7.644846888629,66.497477677495,2.));
#2112 = CARTESIAN_POINT('',(-7.632841575577,66.37817540383,2.));
#2113 = CARTESIAN_POINT('',(-7.616122960882,66.259538217237,2.));
#2114 = CARTESIAN_POINT('',(-7.594307451449,66.141888934665,2.));
#2115 = CARTESIAN_POINT('',(-7.5547966703,65.973442971487,2.));
#2116 = CARTESIAN_POINT('',(-7.541461972251,65.921553785782,2.));
#2117 = CARTESIAN_POINT('',(-7.526997443246,65.869980692972,2.));
#2118 = CARTESIAN_POINT('',(-7.511372657029,65.818764082319,2.));
#2119 = CARTESIAN_POINT('',(-7.494559659537,65.767947544406,2.));
#2120 = CARTESIAN_POINT('',(-7.476534071406,65.717577504703,2.));
#2121 = CARTESIAN_POINT('',(-7.421286598076,65.574495912756,2.));
#2122 = CARTESIAN_POINT('',(-7.380985603292,65.482999642474,2.));
#2123 = CARTESIAN_POINT('',(-7.33625335052,65.393562438225,2.));
#2124 = CARTESIAN_POINT('',(-7.287024946049,65.306533454323,2.));
#2125 = CARTESIAN_POINT('',(-7.233311309335,65.222250419539,2.));
#2126 = CARTESIAN_POINT('',(-7.175220024274,65.141027449177,2.));
#2127 = CARTESIAN_POINT('',(-7.060668709688,64.997691445285,2.));
#2128 = CARTESIAN_POINT('',(-7.005417247785,64.93458325159,2.));
#2129 = CARTESIAN_POINT('',(-6.94735056123,64.873981809459,2.));
#2130 = CARTESIAN_POINT('',(-6.886628931884,64.816000179376,2.));
#2131 = CARTESIAN_POINT('',(-6.823437790998,64.760707522328,2.));
#2132 = CARTESIAN_POINT('',(-6.757981343197,64.708135673218,2.));
#2133 = CARTESIAN_POINT('',(-6.657009881485,64.633572132262,2.));
#2134 = CARTESIAN_POINT('',(-6.623038146237,64.60952612507,2.));
#2135 = CARTESIAN_POINT('',(-6.588585961292,64.58614696039,2.));
#2136 = CARTESIAN_POINT('',(-6.55367813689,64.563431639195,2.));
#2137 = CARTESIAN_POINT('',(-6.518339101247,64.541375213987,2.));
#2138 = CARTESIAN_POINT('',(-6.482592684851,64.519971107028,2.));
#2139 = CARTESIAN_POINT('',(-6.378353496811,64.460078350188,2.));
#2140 = CARTESIAN_POINT('',(-6.308880559069,64.423236090535,2.));
#2141 = CARTESIAN_POINT('',(-6.238195079632,64.388629515473,2.));
#2142 = CARTESIAN_POINT('',(-6.166438847946,64.356188779418,2.));
#2143 = CARTESIAN_POINT('',(-6.093741138173,64.325833969254,2.));
#2144 = CARTESIAN_POINT('',(-6.020216392552,64.297479748253,2.));
#2145 = CARTESIAN_POINT('',(-5.692673441525,64.180851737946,2.));
#2146 = CARTESIAN_POINT('',(-5.431336816652,64.113095014228,2.));
#2147 = CARTESIAN_POINT('',(-5.165100904789,64.063918859014,2.));
#2148 = CARTESIAN_POINT('',(-4.896255427165,64.030255175918,2.));
#2149 = CARTESIAN_POINT('',(-4.626276121029,64.009600577675,2.));
#2150 = CARTESIAN_POINT('',(-4.355824897781,64.,2.));
#2151 = CARTESIAN_POINT('',(-4.084761904762,64.,2.));
#2152 = ORIENTED_EDGE('',*,*,#2153,.T.);
#2153 = EDGE_CURVE('',#2105,#2154,#2156,.T.);
#2154 = VERTEX_POINT('',#2155);
#2155 = CARTESIAN_POINT('',(-7.65619047619,71.142857142857,2.));
#2156 = LINE('',#2157,#2158);
#2157 = CARTESIAN_POINT('',(-7.65619047619,35.149618119459,2.));
#2158 = VECTOR('',#2159,1.);
#2159 = DIRECTION('',(0.,1.,0.));
#2160 = ORIENTED_EDGE('',*,*,#2161,.F.);
#2161 = EDGE_CURVE('',#2162,#2154,#2164,.T.);
#2162 = VERTEX_POINT('',#2163);
#2163 = CARTESIAN_POINT('',(-4.084761904762,74.,2.));
#2164 = B_SPLINE_CURVE_WITH_KNOTS('',7,(#2165,#2166,#2167,#2168,#2169,
    #2170,#2171,#2172,#2173,#2174,#2175,#2176,#2177,#2178,#2179,#2180,
    #2181,#2182,#2183,#2184,#2185,#2186,#2187,#2188,#2189,#2190,#2191,
    #2192,#2193,#2194,#2195,#2196,#2197,#2198,#2199,#2200,#2201,#2202,
    #2203,#2204,#2205,#2206,#2207,#2208),.UNSPECIFIED.,.F.,.F.,(8,6,6,6,
    6,6,6,8),(0.,0.359631430605,0.465061608243,0.520991186947,
    0.6338071761,0.768053742226,0.839888520373,1.),.UNSPECIFIED.);
#2165 = CARTESIAN_POINT('',(-4.084761904762,74.,2.));
#2166 = CARTESIAN_POINT('',(-4.355824897782,74.,2.));
#2167 = CARTESIAN_POINT('',(-4.626276121027,73.990399422325,2.));
#2168 = CARTESIAN_POINT('',(-4.89625542717,73.969744824082,2.));
#2169 = CARTESIAN_POINT('',(-5.165100904784,73.936081140986,2.));
#2170 = CARTESIAN_POINT('',(-5.431336816655,73.886904985771,2.));
#2171 = CARTESIAN_POINT('',(-5.692673441525,73.819148262054,2.));
#2172 = CARTESIAN_POINT('',(-6.020216392552,73.702520251747,2.));
#2173 = CARTESIAN_POINT('',(-6.093741138173,73.674166030746,2.));
#2174 = CARTESIAN_POINT('',(-6.166438847946,73.643811220582,2.));
#2175 = CARTESIAN_POINT('',(-6.238195079632,73.611370484527,2.));
#2176 = CARTESIAN_POINT('',(-6.308880559069,73.576763909465,2.));
#2177 = CARTESIAN_POINT('',(-6.378353496811,73.539921649811,2.));
#2178 = CARTESIAN_POINT('',(-6.482592684851,73.480028892972,2.));
#2179 = CARTESIAN_POINT('',(-6.518339101247,73.458624786013,2.));
#2180 = CARTESIAN_POINT('',(-6.55367813689,73.436568360805,2.));
#2181 = CARTESIAN_POINT('',(-6.588585961292,73.41385303961,2.));
#2182 = CARTESIAN_POINT('',(-6.623038146237,73.39047387493,2.));
#2183 = CARTESIAN_POINT('',(-6.657009881486,73.366427867738,2.));
#2184 = CARTESIAN_POINT('',(-6.757981343197,73.291864326782,2.));
#2185 = CARTESIAN_POINT('',(-6.823437790998,73.239292477672,2.));
#2186 = CARTESIAN_POINT('',(-6.886628931884,73.183999820624,2.));
#2187 = CARTESIAN_POINT('',(-6.94735056123,73.126018190541,2.));
#2188 = CARTESIAN_POINT('',(-7.005417247785,73.06541674841,2.));
#2189 = CARTESIAN_POINT('',(-7.060668709688,73.002308554715,2.));
#2190 = CARTESIAN_POINT('',(-7.175220024274,72.858972550823,2.));
#2191 = CARTESIAN_POINT('',(-7.233311309335,72.777749580461,2.));
#2192 = CARTESIAN_POINT('',(-7.287024946049,72.693466545677,2.));
#2193 = CARTESIAN_POINT('',(-7.33625335052,72.606437561775,2.));
#2194 = CARTESIAN_POINT('',(-7.380985603292,72.517000357526,2.));
#2195 = CARTESIAN_POINT('',(-7.421286598076,72.425504087244,2.));
#2196 = CARTESIAN_POINT('',(-7.476534071406,72.282422495297,2.));
#2197 = CARTESIAN_POINT('',(-7.494559659537,72.232052455594,2.));
#2198 = CARTESIAN_POINT('',(-7.511372657029,72.181235917681,2.));
#2199 = CARTESIAN_POINT('',(-7.526997443246,72.130019307028,2.));
#2200 = CARTESIAN_POINT('',(-7.541461972251,72.078446214218,2.));
#2201 = CARTESIAN_POINT('',(-7.5547966703,72.026557028513,2.));
#2202 = CARTESIAN_POINT('',(-7.594307451449,71.858111065336,2.));
#2203 = CARTESIAN_POINT('',(-7.616122960883,71.740461782763,2.));
#2204 = CARTESIAN_POINT('',(-7.632841575577,71.62182459617,2.));
#2205 = CARTESIAN_POINT('',(-7.644846888629,71.502522322505,2.));
#2206 = CARTESIAN_POINT('',(-7.652513912652,71.382812300641,2.));
#2207 = CARTESIAN_POINT('',(-7.65619047619,71.262883783213,2.));
#2208 = CARTESIAN_POINT('',(-7.65619047619,71.142857142857,2.));
#2209 = ORIENTED_EDGE('',*,*,#2210,.T.);
#2210 = EDGE_CURVE('',#2162,#2211,#2213,.T.);
#2211 = VERTEX_POINT('',#2212);
#2212 = CARTESIAN_POINT('',(-1.227619047619,74.,2.));
#2213 = LINE('',#2214,#2215);
#2214 = CARTESIAN_POINT('',(-2.029667693847,74.,2.));
#2215 = VECTOR('',#2216,1.);
#2216 = DIRECTION('',(1.,0.,0.));
#2217 = ORIENTED_EDGE('',*,*,#2218,.T.);
#2218 = EDGE_CURVE('',#2211,#2219,#2221,.T.);
#2219 = VERTEX_POINT('',#2220);
#2220 = CARTESIAN_POINT('',(-1.227619047619,71.857142857143,2.));
#2221 = LINE('',#2222,#2223);
#2222 = CARTESIAN_POINT('',(-1.227619047619,38.721046690887,2.));
#2223 = VECTOR('',#2224,1.);
#2224 = DIRECTION('',(0.,-1.,0.));
#2225 = ORIENTED_EDGE('',*,*,#2226,.T.);
#2226 = EDGE_CURVE('',#2219,#2227,#2229,.T.);
#2227 = VERTEX_POINT('',#2228);
#2228 = CARTESIAN_POINT('',(-4.084761904762,71.857142857143,2.));
#2229 = LINE('',#2230,#2231);
#2230 = CARTESIAN_POINT('',(-0.601096265276,71.857142857143,2.));
#2231 = VECTOR('',#2232,1.);
#2232 = DIRECTION('',(-1.,0.,0.));
#2233 = ORIENTED_EDGE('',*,*,#2234,.F.);
#2234 = EDGE_CURVE('',#2235,#2227,#2237,.T.);
#2235 = VERTEX_POINT('',#2236);
#2236 = CARTESIAN_POINT('',(-4.799047619048,71.142857142857,2.));
#2237 = B_SPLINE_CURVE_WITH_KNOTS('',5,(#2238,#2239,#2240,#2241,#2242,
    #2243,#2244,#2245,#2246,#2247,#2248,#2249,#2250,#2251,#2252,#2253,
    #2254,#2255,#2256,#2257,#2258,#2259,#2260,#2261,#2262,#2263),
  .UNSPECIFIED.,.F.,.F.,(6,4,4,4,4,4,6),(0.,0.207636546779,
    0.308281462578,0.5,0.691718537422,0.792363453221,1.),.UNSPECIFIED.);
#2238 = CARTESIAN_POINT('',(-4.799047619048,71.142857142857,2.));
#2239 = CARTESIAN_POINT('',(-4.799047619048,71.195019609716,2.));
#2240 = CARTESIAN_POINT('',(-4.796666455086,71.246395392781,2.));
#2241 = CARTESIAN_POINT('',(-4.791615272765,71.296772749985,2.));
#2242 = CARTESIAN_POINT('',(-4.78354947713,71.345817758984,2.));
#2243 = CARTESIAN_POINT('',(-4.76664639954,71.416043947319,2.));
#2244 = CARTESIAN_POINT('',(-4.760348923636,71.438559720395,2.));
#2245 = CARTESIAN_POINT('',(-4.753237340637,71.460615201315,2.));
#2246 = CARTESIAN_POINT('',(-4.745283233541,71.482157766302,2.));
#2247 = CARTESIAN_POINT('',(-4.719666452016,71.543084165604,2.));
#2248 = CARTESIAN_POINT('',(-4.699728596906,71.580983153814,2.));
#2249 = CARTESIAN_POINT('',(-4.676517055272,71.616420058647,2.));
#2250 = CARTESIAN_POINT('',(-4.650021416802,71.649026202245,2.));
#2251 = CARTESIAN_POINT('',(-4.59093096415,71.708116654898,2.));
#2252 = CARTESIAN_POINT('',(-4.558324820551,71.734612293368,2.));
#2253 = CARTESIAN_POINT('',(-4.522887915718,71.757823835001,2.));
#2254 = CARTESIAN_POINT('',(-4.484988927509,71.777761690111,2.));
#2255 = CARTESIAN_POINT('',(-4.424062528207,71.803378471636,2.));
#2256 = CARTESIAN_POINT('',(-4.40251996322,71.811332578732,2.));
#2257 = CARTESIAN_POINT('',(-4.3804644823,71.818444161732,2.));
#2258 = CARTESIAN_POINT('',(-4.357948709224,71.824741637636,2.));
#2259 = CARTESIAN_POINT('',(-4.287722520889,71.841644715225,2.));
#2260 = CARTESIAN_POINT('',(-4.23867751189,71.84971051086,2.));
#2261 = CARTESIAN_POINT('',(-4.188300154685,71.854761693181,2.));
#2262 = CARTESIAN_POINT('',(-4.136924371621,71.857142857143,2.));
#2263 = CARTESIAN_POINT('',(-4.084761904762,71.857142857143,2.));
#2264 = ORIENTED_EDGE('',*,*,#2265,.T.);
#2265 = EDGE_CURVE('',#2235,#2066,#2266,.T.);
#2266 = LINE('',#2267,#2268);
#2267 = CARTESIAN_POINT('',(-4.799047619048,37.292475262316,2.));
#2268 = VECTOR('',#2269,1.);
#2269 = DIRECTION('',(0.,-1.,0.));
#2270 = FACE_BOUND('',#2271,.T.);
#2271 = EDGE_LOOP('',(#2272,#2282,#2290,#2298));
#2272 = ORIENTED_EDGE('',*,*,#2273,.T.);
#2273 = EDGE_CURVE('',#2274,#2276,#2278,.T.);
#2274 = VERTEX_POINT('',#2275);
#2275 = CARTESIAN_POINT('',(4.473333333333,64.,2.));
#2276 = VERTEX_POINT('',#2277);
#2277 = CARTESIAN_POINT('',(4.473333333333,74.,2.));
#2278 = LINE('',#2279,#2280);
#2279 = CARTESIAN_POINT('',(4.473333333333,33.721046690887,2.));
#2280 = VECTOR('',#2281,1.);
#2281 = DIRECTION('',(0.,1.,0.));
#2282 = ORIENTED_EDGE('',*,*,#2283,.T.);
#2283 = EDGE_CURVE('',#2276,#2284,#2286,.T.);
#2284 = VERTEX_POINT('',#2285);
#2285 = CARTESIAN_POINT('',(7.330476190476,74.,2.));
#2286 = LINE('',#2287,#2288);
#2287 = CARTESIAN_POINT('',(2.2493799252,74.,2.));
#2288 = VECTOR('',#2289,1.);
#2289 = DIRECTION('',(1.,0.,0.));
#2290 = ORIENTED_EDGE('',*,*,#2291,.T.);
#2291 = EDGE_CURVE('',#2284,#2292,#2294,.T.);
#2292 = VERTEX_POINT('',#2293);
#2293 = CARTESIAN_POINT('',(7.330476190476,64.,2.));
#2294 = LINE('',#2295,#2296);
#2295 = CARTESIAN_POINT('',(7.330476190476,38.721046690887,2.));
#2296 = VECTOR('',#2297,1.);
#2297 = DIRECTION('',(0.,-1.,0.));
#2298 = ORIENTED_EDGE('',*,*,#2299,.T.);
#2299 = EDGE_CURVE('',#2292,#2274,#2300,.T.);
#2300 = LINE('',#2301,#2302);
#2301 = CARTESIAN_POINT('',(3.677951353772,64.,2.));
#2302 = VECTOR('',#2303,1.);
#2303 = DIRECTION('',(-1.,0.,0.));
#2304 = FACE_BOUND('',#2305,.T.);
#2305 = EDGE_LOOP('',(#2306,#2316,#2324,#2332,#2340,#2348,#2356,#2364));
#2306 = ORIENTED_EDGE('',*,*,#2307,.T.);
#2307 = EDGE_CURVE('',#2308,#2310,#2312,.T.);
#2308 = VERTEX_POINT('',#2309);
#2309 = CARTESIAN_POINT('',(12.330476190476,64.,2.));
#2310 = VERTEX_POINT('',#2311);
#2311 = CARTESIAN_POINT('',(12.330476190476,67.571428571429,2.));
#2312 = LINE('',#2313,#2314);
#2313 = CARTESIAN_POINT('',(12.330476190476,33.721046690887,2.));
#2314 = VECTOR('',#2315,1.);
#2315 = DIRECTION('',(0.,1.,0.));
#2316 = ORIENTED_EDGE('',*,*,#2317,.T.);
#2317 = EDGE_CURVE('',#2310,#2318,#2320,.T.);
#2318 = VERTEX_POINT('',#2319);
#2319 = CARTESIAN_POINT('',(9.473333333333,67.571428571429,2.));
#2320 = LINE('',#2321,#2322);
#2321 = CARTESIAN_POINT('',(6.177951353772,67.571428571429,2.));
#2322 = VECTOR('',#2323,1.);
#2323 = DIRECTION('',(-1.,0.,0.));
#2324 = ORIENTED_EDGE('',*,*,#2325,.T.);
#2325 = EDGE_CURVE('',#2318,#2326,#2328,.T.);
#2326 = VERTEX_POINT('',#2327);
#2327 = CARTESIAN_POINT('',(8.044761904762,69.714285714286,2.));
#2328 = LINE('',#2329,#2330);
#2329 = CARTESIAN_POINT('',(22.818886559213,47.55309873261,2.));
#2330 = VECTOR('',#2331,1.);
#2331 = DIRECTION('',(-0.554700196225,0.832050294338,0.));
#2332 = ORIENTED_EDGE('',*,*,#2333,.T.);
#2333 = EDGE_CURVE('',#2326,#2334,#2336,.T.);
#2334 = VERTEX_POINT('',#2335);
#2335 = CARTESIAN_POINT('',(12.330476190476,69.714285714286,2.));
#2336 = LINE('',#2337,#2338);
#2337 = CARTESIAN_POINT('',(4.035094210915,69.714285714286,2.));
#2338 = VECTOR('',#2339,1.);
#2339 = DIRECTION('',(1.,0.,0.));
#2340 = ORIENTED_EDGE('',*,*,#2341,.T.);
#2341 = EDGE_CURVE('',#2334,#2342,#2344,.T.);
#2342 = VERTEX_POINT('',#2343);
#2343 = CARTESIAN_POINT('',(12.330476190476,74.,2.));
#2344 = LINE('',#2345,#2346);
#2345 = CARTESIAN_POINT('',(12.330476190476,36.57818954803,2.));
#2346 = VECTOR('',#2347,1.);
#2347 = DIRECTION('',(0.,1.,0.));
#2348 = ORIENTED_EDGE('',*,*,#2349,.T.);
#2349 = EDGE_CURVE('',#2342,#2350,#2352,.T.);
#2350 = VERTEX_POINT('',#2351);
#2351 = CARTESIAN_POINT('',(15.187619047619,74.,2.));
#2352 = LINE('',#2353,#2354);
#2353 = CARTESIAN_POINT('',(6.177951353772,74.,2.));
#2354 = VECTOR('',#2355,1.);
#2355 = DIRECTION('',(1.,0.,0.));
#2356 = ORIENTED_EDGE('',*,*,#2357,.T.);
#2357 = EDGE_CURVE('',#2350,#2358,#2360,.T.);
#2358 = VERTEX_POINT('',#2359);
#2359 = CARTESIAN_POINT('',(15.187619047619,64.,2.));
#2360 = LINE('',#2361,#2362);
#2361 = CARTESIAN_POINT('',(15.187619047619,38.721046690887,2.));
#2362 = VECTOR('',#2363,1.);
#2363 = DIRECTION('',(0.,-1.,0.));
#2364 = ORIENTED_EDGE('',*,*,#2365,.T.);
#2365 = EDGE_CURVE('',#2358,#2308,#2366,.T.);
#2366 = LINE('',#2367,#2368);
#2367 = CARTESIAN_POINT('',(7.606522782343,64.,2.));
#2368 = VECTOR('',#2369,1.);
#2369 = DIRECTION('',(-1.,0.,0.));
#2370 = FACE_BOUND('',#2371,.T.);
#2371 = EDGE_LOOP('',(#2372,#2405,#2413,#2462,#2470,#2478));
#2372 = ORIENTED_EDGE('',*,*,#2373,.F.);
#2373 = EDGE_CURVE('',#2374,#2376,#2378,.T.);
#2374 = VERTEX_POINT('',#2375);
#2375 = CARTESIAN_POINT('',(-0.513333333333,71.857142857143,2.));
#2376 = VERTEX_POINT('',#2377);
#2377 = CARTESIAN_POINT('',(0.200952380952,71.142857142857,2.));
#2378 = B_SPLINE_CURVE_WITH_KNOTS('',5,(#2379,#2380,#2381,#2382,#2383,
    #2384,#2385,#2386,#2387,#2388,#2389,#2390,#2391,#2392,#2393,#2394,
    #2395,#2396,#2397,#2398,#2399,#2400,#2401,#2402,#2403,#2404),
  .UNSPECIFIED.,.F.,.F.,(6,4,4,4,4,4,6),(0.,0.207636546779,
    0.308281462578,0.5,0.691718537422,0.792363453221,1.),.UNSPECIFIED.);
#2379 = CARTESIAN_POINT('',(-0.513333333333,71.857142857143,2.));
#2380 = CARTESIAN_POINT('',(-0.461170866475,71.857142857143,2.));
#2381 = CARTESIAN_POINT('',(-0.40979508341,71.854761693181,2.));
#2382 = CARTESIAN_POINT('',(-0.359417726205,71.84971051086,2.));
#2383 = CARTESIAN_POINT('',(-0.310372717206,71.841644715225,2.));
#2384 = CARTESIAN_POINT('',(-0.240146528871,71.824741637636,2.));
#2385 = CARTESIAN_POINT('',(-0.217630755795,71.818444161732,2.));
#2386 = CARTESIAN_POINT('',(-0.195575274875,71.811332578732,2.));
#2387 = CARTESIAN_POINT('',(-0.174032709888,71.803378471636,2.));
#2388 = CARTESIAN_POINT('',(-0.113106310586,71.777761690111,2.));
#2389 = CARTESIAN_POINT('',(-7.520732237693E-02,71.757823835001,2.));
#2390 = CARTESIAN_POINT('',(-3.97704175438E-02,71.734612293368,2.));
#2391 = CARTESIAN_POINT('',(-7.164273945272E-03,71.708116654898,2.));
#2392 = CARTESIAN_POINT('',(5.19261787072E-02,71.649026202245,2.));
#2393 = CARTESIAN_POINT('',(7.842181717724E-02,71.616420058647,2.));
#2394 = CARTESIAN_POINT('',(0.101633358811,71.580983153814,2.));
#2395 = CARTESIAN_POINT('',(0.121571213921,71.543084165604,2.));
#2396 = CARTESIAN_POINT('',(0.147187995445,71.482157766302,2.));
#2397 = CARTESIAN_POINT('',(0.155142102541,71.460615201315,2.));
#2398 = CARTESIAN_POINT('',(0.162253685541,71.438559720395,2.));
#2399 = CARTESIAN_POINT('',(0.168551161445,71.416043947319,2.));
#2400 = CARTESIAN_POINT('',(0.185454239034,71.345817758984,2.));
#2401 = CARTESIAN_POINT('',(0.19352003467,71.296772749985,2.));
#2402 = CARTESIAN_POINT('',(0.198571216991,71.246395392781,2.));
#2403 = CARTESIAN_POINT('',(0.200952380952,71.195019609716,2.));
#2404 = CARTESIAN_POINT('',(0.200952380952,71.142857142857,2.));
#2405 = ORIENTED_EDGE('',*,*,#2406,.T.);
#2406 = EDGE_CURVE('',#2374,#2407,#2409,.T.);
#2407 = VERTEX_POINT('',#2408);
#2408 = CARTESIAN_POINT('',(-0.513333333333,74.,2.));
#2409 = LINE('',#2410,#2411);
#2410 = CARTESIAN_POINT('',(-0.513333333333,37.649618119459,2.));
#2411 = VECTOR('',#2412,1.);
#2412 = DIRECTION('',(0.,1.,0.));
#2413 = ORIENTED_EDGE('',*,*,#2414,.F.);
#2414 = EDGE_CURVE('',#2415,#2407,#2417,.T.);
#2415 = VERTEX_POINT('',#2416);
#2416 = CARTESIAN_POINT('',(3.058095238095,71.142857142857,2.));
#2417 = B_SPLINE_CURVE_WITH_KNOTS('',7,(#2418,#2419,#2420,#2421,#2422,
    #2423,#2424,#2425,#2426,#2427,#2428,#2429,#2430,#2431,#2432,#2433,
    #2434,#2435,#2436,#2437,#2438,#2439,#2440,#2441,#2442,#2443,#2444,
    #2445,#2446,#2447,#2448,#2449,#2450,#2451,#2452,#2453,#2454,#2455,
    #2456,#2457,#2458,#2459,#2460,#2461),.UNSPECIFIED.,.F.,.F.,(8,6,6,6,
    6,6,6,8),(0.,0.160111479626,0.231946257773,0.3661928239,
    0.479008813052,0.534938391756,0.640368569394,1.),.UNSPECIFIED.);
#2418 = CARTESIAN_POINT('',(3.058095238095,71.142857142857,2.));
#2419 = CARTESIAN_POINT('',(3.058095238095,71.262883783213,2.));
#2420 = CARTESIAN_POINT('',(3.054418674557,71.382812300641,2.));
#2421 = CARTESIAN_POINT('',(3.046751650534,71.502522322505,2.));
#2422 = CARTESIAN_POINT('',(3.034746337482,71.62182459617,2.));
#2423 = CARTESIAN_POINT('',(3.018027722787,71.740461782763,2.));
#2424 = CARTESIAN_POINT('',(2.996212213354,71.858111065336,2.));
#2425 = CARTESIAN_POINT('',(2.956701432205,72.026557028513,2.));
#2426 = CARTESIAN_POINT('',(2.943366734155,72.078446214218,2.));
#2427 = CARTESIAN_POINT('',(2.92890220515,72.130019307028,2.));
#2428 = CARTESIAN_POINT('',(2.913277418934,72.181235917681,2.));
#2429 = CARTESIAN_POINT('',(2.896464421442,72.232052455594,2.));
#2430 = CARTESIAN_POINT('',(2.878438833311,72.282422495297,2.));
#2431 = CARTESIAN_POINT('',(2.82319135998,72.425504087244,2.));
#2432 = CARTESIAN_POINT('',(2.782890365197,72.517000357526,2.));
#2433 = CARTESIAN_POINT('',(2.738158112425,72.606437561775,2.));
#2434 = CARTESIAN_POINT('',(2.688929707954,72.693466545677,2.));
#2435 = CARTESIAN_POINT('',(2.63521607124,72.777749580461,2.));
#2436 = CARTESIAN_POINT('',(2.577124786179,72.858972550823,2.));
#2437 = CARTESIAN_POINT('',(2.462573471593,73.002308554715,2.));
#2438 = CARTESIAN_POINT('',(2.40732200969,73.06541674841,2.));
#2439 = CARTESIAN_POINT('',(2.349255323135,73.126018190541,2.));
#2440 = CARTESIAN_POINT('',(2.288533693789,73.183999820624,2.));
#2441 = CARTESIAN_POINT('',(2.225342552903,73.239292477672,2.));
#2442 = CARTESIAN_POINT('',(2.159886105102,73.291864326782,2.));
#2443 = CARTESIAN_POINT('',(2.05891464339,73.366427867738,2.));
#2444 = CARTESIAN_POINT('',(2.024942908142,73.39047387493,2.));
#2445 = CARTESIAN_POINT('',(1.990490723197,73.41385303961,2.));
#2446 = CARTESIAN_POINT('',(1.955582898795,73.436568360805,2.));
#2447 = CARTESIAN_POINT('',(1.920243863151,73.458624786013,2.));
#2448 = CARTESIAN_POINT('',(1.884497446755,73.480028892972,2.));
#2449 = CARTESIAN_POINT('',(1.780258258715,73.539921649812,2.));
#2450 = CARTESIAN_POINT('',(1.710785320974,73.576763909465,2.));
#2451 = CARTESIAN_POINT('',(1.640099841537,73.611370484527,2.));
#2452 = CARTESIAN_POINT('',(1.568343609851,73.643811220582,2.));
#2453 = CARTESIAN_POINT('',(1.495645900078,73.674166030746,2.));
#2454 = CARTESIAN_POINT('',(1.422121154456,73.702520251747,2.));
#2455 = CARTESIAN_POINT('',(1.094578203428,73.819148262055,2.));
#2456 = CARTESIAN_POINT('',(0.833241578564,73.88690498577,2.));
#2457 = CARTESIAN_POINT('',(0.567005666682,73.936081140989,2.));
#2458 = CARTESIAN_POINT('',(0.298160189081,73.96974482408,2.));
#2459 = CARTESIAN_POINT('',(2.81808829278E-02,73.990399422326,2.));
#2460 = CARTESIAN_POINT('',(-0.242270340313,74.,2.));
#2461 = CARTESIAN_POINT('',(-0.513333333333,74.,2.));
#2462 = ORIENTED_EDGE('',*,*,#2463,.T.);
#2463 = EDGE_CURVE('',#2415,#2464,#2466,.T.);
#2464 = VERTEX_POINT('',#2465);
#2465 = CARTESIAN_POINT('',(3.058095238095,69.714285714286,2.));
#2466 = LINE('',#2467,#2468);
#2467 = CARTESIAN_POINT('',(3.058095238095,37.292475262316,2.));
#2468 = VECTOR('',#2469,1.);
#2469 = DIRECTION('',(0.,-1.,0.));
#2470 = ORIENTED_EDGE('',*,*,#2471,.T.);
#2471 = EDGE_CURVE('',#2464,#2472,#2474,.T.);
#2472 = VERTEX_POINT('',#2473);
#2473 = CARTESIAN_POINT('',(0.200952380952,69.714285714286,2.));
#2474 = LINE('',#2475,#2476);
#2475 = CARTESIAN_POINT('',(1.541760877581,69.714285714286,2.));
#2476 = VECTOR('',#2477,1.);
#2477 = DIRECTION('',(-1.,0.,0.));
#2478 = ORIENTED_EDGE('',*,*,#2479,.T.);
#2479 = EDGE_CURVE('',#2472,#2376,#2480,.T.);
#2480 = LINE('',#2481,#2482);
#2481 = CARTESIAN_POINT('',(0.200952380952,36.57818954803,2.));
#2482 = VECTOR('',#2483,1.);
#2483 = DIRECTION('',(0.,1.,0.));
#2484 = FACE_BOUND('',#2485,.T.);
#2485 = EDGE_LOOP('',(#2486,#2496,#2504,#2512));
#2486 = ORIENTED_EDGE('',*,*,#2487,.T.);
#2487 = EDGE_CURVE('',#2488,#2490,#2492,.T.);
#2488 = VERTEX_POINT('',#2489);
#2489 = CARTESIAN_POINT('',(16.602857142857,64.,2.));
#2490 = VERTEX_POINT('',#2491);
#2491 = CARTESIAN_POINT('',(16.602857142857,71.142857142857,2.));
#2492 = LINE('',#2493,#2494);
#2493 = CARTESIAN_POINT('',(16.602857142857,33.721046690887,2.));
#2494 = VECTOR('',#2495,1.);
#2495 = DIRECTION('',(0.,1.,0.));
#2496 = ORIENTED_EDGE('',*,*,#2497,.T.);
#2497 = EDGE_CURVE('',#2490,#2498,#2500,.T.);
#2498 = VERTEX_POINT('',#2499);
#2499 = CARTESIAN_POINT('',(19.46,71.142857142857,2.));
#2500 = LINE('',#2501,#2502);
#2501 = CARTESIAN_POINT('',(8.314141829962,71.142857142857,2.));
#2502 = VECTOR('',#2503,1.);
#2503 = DIRECTION('',(1.,0.,0.));
#2504 = ORIENTED_EDGE('',*,*,#2505,.T.);
#2505 = EDGE_CURVE('',#2498,#2506,#2508,.T.);
#2506 = VERTEX_POINT('',#2507);
#2507 = CARTESIAN_POINT('',(19.46,64.,2.));
#2508 = LINE('',#2509,#2510);
#2509 = CARTESIAN_POINT('',(19.46,37.292475262316,2.));
#2510 = VECTOR('',#2511,1.);
#2511 = DIRECTION('',(0.,-1.,0.));
#2512 = ORIENTED_EDGE('',*,*,#2513,.T.);
#2513 = EDGE_CURVE('',#2506,#2488,#2514,.T.);
#2514 = LINE('',#2515,#2516);
#2515 = CARTESIAN_POINT('',(9.742713258534,64.,2.));
#2516 = VECTOR('',#2517,1.);
#2517 = DIRECTION('',(-1.,0.,0.));
#2518 = FACE_BOUND('',#2519,.T.);
#2519 = EDGE_LOOP('',(#2520,#2530,#2538,#2546));
#2520 = ORIENTED_EDGE('',*,*,#2521,.T.);
#2521 = EDGE_CURVE('',#2522,#2524,#2526,.T.);
#2522 = VERTEX_POINT('',#2523);
#2523 = CARTESIAN_POINT('',(26.602857142857,69.714285714286,2.));
#2524 = VERTEX_POINT('',#2525);
#2525 = CARTESIAN_POINT('',(26.602857142857,67.571428571429,2.));
#2526 = LINE('',#2527,#2528);
#2527 = CARTESIAN_POINT('',(26.602857142857,36.57818954803,2.));
#2528 = VECTOR('',#2529,1.);
#2529 = DIRECTION('',(0.,-1.,0.));
#2530 = ORIENTED_EDGE('',*,*,#2531,.T.);
#2531 = EDGE_CURVE('',#2524,#2532,#2534,.T.);
#2532 = VERTEX_POINT('',#2533);
#2533 = CARTESIAN_POINT('',(21.602857142857,67.571428571429,2.));
#2534 = LINE('',#2535,#2536);
#2535 = CARTESIAN_POINT('',(13.314141829962,67.571428571429,2.));
#2536 = VECTOR('',#2537,1.);
#2537 = DIRECTION('',(-1.,0.,0.));
#2538 = ORIENTED_EDGE('',*,*,#2539,.T.);
#2539 = EDGE_CURVE('',#2532,#2540,#2542,.T.);
#2540 = VERTEX_POINT('',#2541);
#2541 = CARTESIAN_POINT('',(20.174285714286,69.714285714286,2.));
#2542 = LINE('',#2543,#2544);
#2543 = CARTESIAN_POINT('',(33.082329782656,50.352219611731,2.));
#2544 = VECTOR('',#2545,1.);
#2545 = DIRECTION('',(-0.554700196225,0.832050294338,0.));
#2546 = ORIENTED_EDGE('',*,*,#2547,.T.);
#2547 = EDGE_CURVE('',#2540,#2522,#2548,.T.);
#2548 = LINE('',#2549,#2550);
#2549 = CARTESIAN_POINT('',(10.099856115677,69.714285714286,2.));
#2550 = VECTOR('',#2551,1.);
#2551 = DIRECTION('',(1.,0.,0.));
#2552 = FACE_BOUND('',#2553,.T.);
#2553 = EDGE_LOOP('',(#2554,#2564,#2572,#2580));
#2554 = ORIENTED_EDGE('',*,*,#2555,.T.);
#2555 = EDGE_CURVE('',#2556,#2558,#2560,.T.);
#2556 = VERTEX_POINT('',#2557);
#2557 = CARTESIAN_POINT('',(26.602857142857,74.,2.));
#2558 = VERTEX_POINT('',#2559);
#2559 = CARTESIAN_POINT('',(26.602857142857,71.857142857143,2.));
#2560 = LINE('',#2561,#2562);
#2561 = CARTESIAN_POINT('',(26.602857142857,38.721046690887,2.));
#2562 = VECTOR('',#2563,1.);
#2563 = DIRECTION('',(0.,-1.,0.));
#2564 = ORIENTED_EDGE('',*,*,#2565,.T.);
#2565 = EDGE_CURVE('',#2558,#2566,#2568,.T.);
#2566 = VERTEX_POINT('',#2567);
#2567 = CARTESIAN_POINT('',(16.602857142857,71.857142857143,2.));
#2568 = LINE('',#2569,#2570);
#2569 = CARTESIAN_POINT('',(13.314141829962,71.857142857143,2.));
#2570 = VECTOR('',#2571,1.);
#2571 = DIRECTION('',(-1.,0.,0.));
#2572 = ORIENTED_EDGE('',*,*,#2573,.T.);
#2573 = EDGE_CURVE('',#2566,#2574,#2576,.T.);
#2574 = VERTEX_POINT('',#2575);
#2575 = CARTESIAN_POINT('',(16.602857142857,74.,2.));
#2576 = LINE('',#2577,#2578);
#2577 = CARTESIAN_POINT('',(16.602857142857,37.649618119459,2.));
#2578 = VECTOR('',#2579,1.);
#2579 = DIRECTION('',(0.,1.,0.));
#2580 = ORIENTED_EDGE('',*,*,#2581,.T.);
#2581 = EDGE_CURVE('',#2574,#2556,#2582,.T.);
#2582 = LINE('',#2583,#2584);
#2583 = CARTESIAN_POINT('',(8.314141829962,74.,2.));
#2584 = VECTOR('',#2585,1.);
#2585 = DIRECTION('',(1.,0.,0.));
#2586 = FACE_BOUND('',#2587,.T.);
#2587 = EDGE_LOOP('',(#2588,#2598,#2606,#2614));
#2588 = ORIENTED_EDGE('',*,*,#2589,.T.);
#2589 = EDGE_CURVE('',#2590,#2592,#2594,.T.);
#2590 = VERTEX_POINT('',#2591);
#2591 = CARTESIAN_POINT('',(30.640476190476,68.407142857143,2.));
#2592 = VERTEX_POINT('',#2593);
#2593 = CARTESIAN_POINT('',(32.497619047619,66.042857142857,2.));
#2594 = LINE('',#2595,#2596);
#2595 = CARTESIAN_POINT('',(40.578653328582,55.75507888517,2.));
#2596 = VECTOR('',#2597,1.);
#2597 = DIRECTION('',(0.617716620046,-0.786400773982,0.));
#2598 = ORIENTED_EDGE('',*,*,#2599,.T.);
#2599 = EDGE_CURVE('',#2592,#2600,#2602,.T.);
#2600 = VERTEX_POINT('',#2601);
#2601 = CARTESIAN_POINT('',(30.890476190476,64.,2.));
#2602 = LINE('',#2603,#2604);
#2603 = CARTESIAN_POINT('',(11.080079930391,38.818785198292,2.));
#2604 = VECTOR('',#2605,1.);
#2605 = DIRECTION('',(-0.618306890703,-0.785936758849,0.));
#2606 = ORIENTED_EDGE('',*,*,#2607,.T.);
#2607 = EDGE_CURVE('',#2600,#2608,#2610,.T.);
#2608 = VERTEX_POINT('',#2609);
#2609 = CARTESIAN_POINT('',(27.17619047619,64.,2.));
#2610 = LINE('',#2611,#2612);
#2611 = CARTESIAN_POINT('',(15.457951353772,64.,2.));
#2612 = VECTOR('',#2613,1.);
#2613 = DIRECTION('',(-1.,0.,0.));
#2614 = ORIENTED_EDGE('',*,*,#2615,.T.);
#2615 = EDGE_CURVE('',#2608,#2590,#2616,.T.);
#2616 = LINE('',#2617,#2618);
#2617 = CARTESIAN_POINT('',(7.280402088318,38.689275391099,2.));
#2618 = VECTOR('',#2619,1.);
#2619 = DIRECTION('',(0.617990360061,0.786185674552,0.));
#2620 = FACE_BOUND('',#2621,.T.);
#2621 = EDGE_LOOP('',(#2622,#2632,#2640,#2648));
#2622 = ORIENTED_EDGE('',*,*,#2623,.T.);
#2623 = EDGE_CURVE('',#2624,#2626,#2628,.T.);
#2624 = VERTEX_POINT('',#2625);
#2625 = CARTESIAN_POINT('',(30.890476190476,74.,2.));
#2626 = VERTEX_POINT('',#2627);
#2627 = CARTESIAN_POINT('',(38.747619047619,64.,2.));
#2628 = LINE('',#2629,#2630);
#2629 = CARTESIAN_POINT('',(42.138499232628,59.684334309989,2.));
#2630 = VECTOR('',#2631,1.);
#2631 = DIRECTION('',(0.617821551932,-0.786318338822,0.));
#2632 = ORIENTED_EDGE('',*,*,#2633,.T.);
#2633 = EDGE_CURVE('',#2626,#2634,#2636,.T.);
#2634 = VERTEX_POINT('',#2635);
#2635 = CARTESIAN_POINT('',(35.033333333333,64.,2.));
#2636 = LINE('',#2637,#2638);
#2637 = CARTESIAN_POINT('',(19.386522782343,64.,2.));
#2638 = VECTOR('',#2639,1.);
#2639 = DIRECTION('',(-1.,0.,0.));
#2640 = ORIENTED_EDGE('',*,*,#2641,.T.);
#2641 = EDGE_CURVE('',#2634,#2642,#2644,.T.);
#2642 = VERTEX_POINT('',#2643);
#2643 = CARTESIAN_POINT('',(27.17619047619,74.,2.));
#2644 = LINE('',#2645,#2646);
#2645 = CARTESIAN_POINT('',(43.06166281983,53.782126108096,2.));
#2646 = VECTOR('',#2647,1.);
#2647 = DIRECTION('',(-0.617821551932,0.786318338822,0.));
#2648 = ORIENTED_EDGE('',*,*,#2649,.T.);
#2649 = EDGE_CURVE('',#2642,#2624,#2650,.T.);
#2650 = LINE('',#2651,#2652);
#2651 = CARTESIAN_POINT('',(13.600808496629,74.,2.));
#2652 = VECTOR('',#2653,1.);
#2653 = DIRECTION('',(1.,0.,0.));
#2654 = FACE_BOUND('',#2655,.T.);
#2655 = EDGE_LOOP('',(#2656,#2666,#2674,#2682));
#2656 = ORIENTED_EDGE('',*,*,#2657,.T.);
#2657 = EDGE_CURVE('',#2658,#2660,#2662,.T.);
#2658 = VERTEX_POINT('',#2659);
#2659 = CARTESIAN_POINT('',(35.283333333333,69.592857142857,2.));
#2660 = VERTEX_POINT('',#2661);
#2661 = CARTESIAN_POINT('',(33.42619047619,71.957142857143,2.));
#2662 = LINE('',#2663,#2664);
#2663 = CARTESIAN_POINT('',(44.623707988306,57.701841716719,2.));
#2664 = VECTOR('',#2665,1.);
#2665 = DIRECTION('',(-0.617716620046,0.786400773982,0.));
#2666 = ORIENTED_EDGE('',*,*,#2667,.T.);
#2667 = EDGE_CURVE('',#2660,#2668,#2670,.T.);
#2668 = VERTEX_POINT('',#2669);
#2669 = CARTESIAN_POINT('',(35.033333333333,74.,2.));
#2670 = LINE('',#2671,#2672);
#2671 = CARTESIAN_POINT('',(10.394129439155,42.680834161178,2.));
#2672 = VECTOR('',#2673,1.);
#2673 = DIRECTION('',(0.618306890703,0.785936758849,0.));
#2674 = ORIENTED_EDGE('',*,*,#2675,.T.);
#2675 = EDGE_CURVE('',#2668,#2676,#2678,.T.);
#2676 = VERTEX_POINT('',#2677);
#2677 = CARTESIAN_POINT('',(38.747619047619,74.,2.));
#2678 = LINE('',#2679,#2680);
#2679 = CARTESIAN_POINT('',(17.5293799252,74.,2.));
#2680 = VECTOR('',#2681,1.);
#2681 = DIRECTION('',(1.,0.,0.));
#2682 = ORIENTED_EDGE('',*,*,#2683,.T.);
#2683 = EDGE_CURVE('',#2676,#2658,#2684,.T.);
#2684 = LINE('',#2685,#2686);
#2685 = CARTESIAN_POINT('',(14.212920612472,42.787816629927,2.));
#2686 = VECTOR('',#2687,1.);
#2687 = DIRECTION('',(-0.617990360061,-0.786185674552,0.));
#2688 = PLANE('',#2689);
#2689 = AXIS2_PLACEMENT_3D('',#2690,#2691,#2692);
#2690 = CARTESIAN_POINT('',(2.542651706751E-02,3.442093381774,2.));
#2691 = DIRECTION('',(0.,0.,1.));
#2692 = DIRECTION('',(1.,0.,0.));
#2693 = ADVANCED_FACE('',(#2694),#2705,.T.);
#2694 = FACE_BOUND('',#2695,.T.);
#2695 = EDGE_LOOP('',(#2696,#2702,#2703,#2704));
#2696 = ORIENTED_EDGE('',*,*,#2697,.T.);
#2697 = EDGE_CURVE('',#126,#1413,#2698,.T.);
#2698 = LINE('',#2699,#2700);
#2699 = CARTESIAN_POINT('',(185.,-52.5,0.));
#2700 = VECTOR('',#2701,1.);
#2701 = DIRECTION('',(0.,0.,1.));
#2702 = ORIENTED_EDGE('',*,*,#1412,.T.);
#2703 = ORIENTED_EDGE('',*,*,#70,.F.);
#2704 = ORIENTED_EDGE('',*,*,#125,.F.);
#2705 = PLANE('',#2706);
#2706 = AXIS2_PLACEMENT_3D('',#2707,#2708,#2709);
#2707 = CARTESIAN_POINT('',(185.,-52.5,0.));
#2708 = DIRECTION('',(1.,0.,0.));
#2709 = DIRECTION('',(0.,-1.,0.));
#2710 = ADVANCED_FACE('',(#2711),#2722,.F.);
#2711 = FACE_BOUND('',#2712,.T.);
#2712 = EDGE_LOOP('',(#2713,#2714,#2715,#2721));
#2713 = ORIENTED_EDGE('',*,*,#101,.T.);
#2714 = ORIENTED_EDGE('',*,*,#1547,.T.);
#2715 = ORIENTED_EDGE('',*,*,#2716,.F.);
#2716 = EDGE_CURVE('',#253,#1540,#2717,.T.);
#2717 = LINE('',#2718,#2719);
#2718 = CARTESIAN_POINT('',(-145.,-36.203629,0.));
#2719 = VECTOR('',#2720,1.);
#2720 = DIRECTION('',(0.,0.,1.));
#2721 = ORIENTED_EDGE('',*,*,#260,.F.);
#2722 = CYLINDRICAL_SURFACE('',#2723,16.296371);
#2723 = AXIS2_PLACEMENT_3D('',#2724,#2725,#2726);
#2724 = CARTESIAN_POINT('',(-161.296371,-36.203629,0.));
#2725 = DIRECTION('',(-0.,-0.,-1.));
#2726 = DIRECTION('',(1.,0.,0.));
#2727 = ADVANCED_FACE('',(#2728),#2739,.T.);
#2728 = FACE_BOUND('',#2729,.T.);
#2729 = EDGE_LOOP('',(#2730,#2736,#2737,#2738));
#2730 = ORIENTED_EDGE('',*,*,#2731,.T.);
#2731 = EDGE_CURVE('',#134,#1421,#2732,.T.);
#2732 = LINE('',#2733,#2734);
#2733 = CARTESIAN_POINT('',(162.192513,-52.5,0.));
#2734 = VECTOR('',#2735,1.);
#2735 = DIRECTION('',(0.,0.,1.));
#2736 = ORIENTED_EDGE('',*,*,#1420,.T.);
#2737 = ORIENTED_EDGE('',*,*,#2697,.F.);
#2738 = ORIENTED_EDGE('',*,*,#133,.F.);
#2739 = PLANE('',#2740);
#2740 = AXIS2_PLACEMENT_3D('',#2741,#2742,#2743);
#2741 = CARTESIAN_POINT('',(162.192513,-52.5,0.));
#2742 = DIRECTION('',(0.,1.,0.));
#2743 = DIRECTION('',(1.,0.,0.));
#2744 = ADVANCED_FACE('',(#2745),#2756,.T.);
#2745 = FACE_BOUND('',#2746,.T.);
#2746 = EDGE_LOOP('',(#2747,#2748,#2749,#2755));
#2747 = ORIENTED_EDGE('',*,*,#2716,.T.);
#2748 = ORIENTED_EDGE('',*,*,#1539,.T.);
#2749 = ORIENTED_EDGE('',*,*,#2750,.F.);
#2750 = EDGE_CURVE('',#244,#1531,#2751,.T.);
#2751 = LINE('',#2752,#2753);
#2752 = CARTESIAN_POINT('',(-145.,39.978946,0.));
#2753 = VECTOR('',#2754,1.);
#2754 = DIRECTION('',(0.,0.,1.));
#2755 = ORIENTED_EDGE('',*,*,#252,.F.);
#2756 = PLANE('',#2757);
#2757 = AXIS2_PLACEMENT_3D('',#2758,#2759,#2760);
#2758 = CARTESIAN_POINT('',(-145.,-36.203629,0.));
#2759 = DIRECTION('',(-1.,0.,0.));
#2760 = DIRECTION('',(0.,1.,0.));
#2761 = ADVANCED_FACE('',(#2762),#2773,.F.);
#2762 = FACE_BOUND('',#2763,.T.);
#2763 = EDGE_LOOP('',(#2764,#2770,#2771,#2772));
#2764 = ORIENTED_EDGE('',*,*,#2765,.T.);
#2765 = EDGE_CURVE('',#142,#1429,#2766,.T.);
#2766 = LINE('',#2767,#2768);
#2767 = CARTESIAN_POINT('',(145.,-35.307487,0.));
#2768 = VECTOR('',#2769,1.);
#2769 = DIRECTION('',(0.,0.,1.));
#2770 = ORIENTED_EDGE('',*,*,#1428,.T.);
#2771 = ORIENTED_EDGE('',*,*,#2731,.F.);
#2772 = ORIENTED_EDGE('',*,*,#141,.F.);
#2773 = CYLINDRICAL_SURFACE('',#2774,17.192513);
#2774 = AXIS2_PLACEMENT_3D('',#2775,#2776,#2777);
#2775 = CARTESIAN_POINT('',(162.192513,-35.307487,0.));
#2776 = DIRECTION('',(-0.,-0.,-1.));
#2777 = DIRECTION('',(1.,0.,0.));
#2778 = ADVANCED_FACE('',(#2779),#2790,.F.);
#2779 = FACE_BOUND('',#2780,.T.);
#2780 = EDGE_LOOP('',(#2781,#2782,#2783,#2789));
#2781 = ORIENTED_EDGE('',*,*,#2750,.T.);
#2782 = ORIENTED_EDGE('',*,*,#1530,.T.);
#2783 = ORIENTED_EDGE('',*,*,#2784,.F.);
#2784 = EDGE_CURVE('',#236,#1523,#2785,.T.);
#2785 = LINE('',#2786,#2787);
#2786 = CARTESIAN_POINT('',(-157.521054,52.5,0.));
#2787 = VECTOR('',#2788,1.);
#2788 = DIRECTION('',(0.,0.,1.));
#2789 = ORIENTED_EDGE('',*,*,#243,.F.);
#2790 = CYLINDRICAL_SURFACE('',#2791,12.521054);
#2791 = AXIS2_PLACEMENT_3D('',#2792,#2793,#2794);
#2792 = CARTESIAN_POINT('',(-157.521054,39.978946,0.));
#2793 = DIRECTION('',(-0.,-0.,-1.));
#2794 = DIRECTION('',(1.,0.,0.));
#2795 = ADVANCED_FACE('',(#2796),#2807,.T.);
#2796 = FACE_BOUND('',#2797,.T.);
#2797 = EDGE_LOOP('',(#2798,#2804,#2805,#2806));
#2798 = ORIENTED_EDGE('',*,*,#2799,.T.);
#2799 = EDGE_CURVE('',#151,#1438,#2800,.T.);
#2800 = LINE('',#2801,#2802);
#2801 = CARTESIAN_POINT('',(145.,39.41683,0.));
#2802 = VECTOR('',#2803,1.);
#2803 = DIRECTION('',(0.,0.,1.));
#2804 = ORIENTED_EDGE('',*,*,#1437,.T.);
#2805 = ORIENTED_EDGE('',*,*,#2765,.F.);
#2806 = ORIENTED_EDGE('',*,*,#150,.F.);
#2807 = PLANE('',#2808);
#2808 = AXIS2_PLACEMENT_3D('',#2809,#2810,#2811);
#2809 = CARTESIAN_POINT('',(145.,39.41683,0.));
#2810 = DIRECTION('',(1.,0.,0.));
#2811 = DIRECTION('',(0.,-1.,0.));
#2812 = ADVANCED_FACE('',(#2813),#2824,.T.);
#2813 = FACE_BOUND('',#2814,.T.);
#2814 = EDGE_LOOP('',(#2815,#2821,#2822,#2823));
#2815 = ORIENTED_EDGE('',*,*,#2816,.F.);
#2816 = EDGE_CURVE('',#227,#1514,#2817,.T.);
#2817 = LINE('',#2818,#2819);
#2818 = CARTESIAN_POINT('',(-208.890442,52.5,0.));
#2819 = VECTOR('',#2820,1.);
#2820 = DIRECTION('',(0.,0.,1.));
#2821 = ORIENTED_EDGE('',*,*,#235,.F.);
#2822 = ORIENTED_EDGE('',*,*,#2784,.T.);
#2823 = ORIENTED_EDGE('',*,*,#1522,.T.);
#2824 = PLANE('',#2825);
#2825 = AXIS2_PLACEMENT_3D('',#2826,#2827,#2828);
#2826 = CARTESIAN_POINT('',(-183.205748,52.5,1.));
#2827 = DIRECTION('',(-0.,-1.,-0.));
#2828 = DIRECTION('',(0.,0.,-1.));
#2829 = ADVANCED_FACE('',(#2830),#2841,.F.);
#2830 = FACE_BOUND('',#2831,.T.);
#2831 = EDGE_LOOP('',(#2832,#2838,#2839,#2840));
#2832 = ORIENTED_EDGE('',*,*,#2833,.T.);
#2833 = EDGE_CURVE('',#159,#1446,#2834,.T.);
#2834 = LINE('',#2835,#2836);
#2835 = CARTESIAN_POINT('',(158.08317,52.5,0.));
#2836 = VECTOR('',#2837,1.);
#2837 = DIRECTION('',(0.,0.,1.));
#2838 = ORIENTED_EDGE('',*,*,#1445,.T.);
#2839 = ORIENTED_EDGE('',*,*,#2799,.F.);
#2840 = ORIENTED_EDGE('',*,*,#158,.F.);
#2841 = CYLINDRICAL_SURFACE('',#2842,13.08317);
#2842 = AXIS2_PLACEMENT_3D('',#2843,#2844,#2845);
#2843 = CARTESIAN_POINT('',(158.08317,39.41683,0.));
#2844 = DIRECTION('',(-0.,-0.,-1.));
#2845 = DIRECTION('',(1.,0.,0.));
#2846 = ADVANCED_FACE('',(#2847),#2858,.T.);
#2847 = FACE_BOUND('',#2848,.F.);
#2848 = EDGE_LOOP('',(#2849,#2855,#2856,#2857));
#2849 = ORIENTED_EDGE('',*,*,#2850,.T.);
#2850 = EDGE_CURVE('',#219,#1506,#2851,.T.);
#2851 = LINE('',#2852,#2853);
#2852 = CARTESIAN_POINT('',(-215.,58.609558,0.));
#2853 = VECTOR('',#2854,1.);
#2854 = DIRECTION('',(0.,0.,1.));
#2855 = ORIENTED_EDGE('',*,*,#1513,.T.);
#2856 = ORIENTED_EDGE('',*,*,#2816,.F.);
#2857 = ORIENTED_EDGE('',*,*,#226,.F.);
#2858 = CYLINDRICAL_SURFACE('',#2859,6.109558);
#2859 = AXIS2_PLACEMENT_3D('',#2860,#2861,#2862);
#2860 = CARTESIAN_POINT('',(-208.890442,58.609558,0.));
#2861 = DIRECTION('',(-0.,-0.,-1.));
#2862 = DIRECTION('',(1.,0.,0.));
#2863 = ADVANCED_FACE('',(#2864),#2875,.T.);
#2864 = FACE_BOUND('',#2865,.T.);
#2865 = EDGE_LOOP('',(#2866,#2867,#2868,#2874));
#2866 = ORIENTED_EDGE('',*,*,#2833,.F.);
#2867 = ORIENTED_EDGE('',*,*,#167,.F.);
#2868 = ORIENTED_EDGE('',*,*,#2869,.T.);
#2869 = EDGE_CURVE('',#168,#1455,#2870,.T.);
#2870 = LINE('',#2871,#2872);
#2871 = CARTESIAN_POINT('',(207.827316,52.5,0.));
#2872 = VECTOR('',#2873,1.);
#2873 = DIRECTION('',(0.,0.,1.));
#2874 = ORIENTED_EDGE('',*,*,#1454,.T.);
#2875 = PLANE('',#2876);
#2876 = AXIS2_PLACEMENT_3D('',#2877,#2878,#2879);
#2877 = CARTESIAN_POINT('',(182.955243,52.5,1.));
#2878 = DIRECTION('',(-0.,-1.,-0.));
#2879 = DIRECTION('',(0.,0.,-1.));
#2880 = ADVANCED_FACE('',(#2881),#2892,.F.);
#2881 = FACE_BOUND('',#2882,.F.);
#2882 = EDGE_LOOP('',(#2883,#2889,#2890,#2891));
#2883 = ORIENTED_EDGE('',*,*,#2884,.T.);
#2884 = EDGE_CURVE('',#210,#1497,#2885,.T.);
#2885 = LINE('',#2886,#2887);
#2886 = CARTESIAN_POINT('',(-215.,77.985133,0.));
#2887 = VECTOR('',#2888,1.);
#2888 = DIRECTION('',(0.,0.,1.));
#2889 = ORIENTED_EDGE('',*,*,#1505,.T.);
#2890 = ORIENTED_EDGE('',*,*,#2850,.F.);
#2891 = ORIENTED_EDGE('',*,*,#218,.F.);
#2892 = PLANE('',#2893);
#2893 = AXIS2_PLACEMENT_3D('',#2894,#2895,#2896);
#2894 = CARTESIAN_POINT('',(-215.,77.985133,0.));
#2895 = DIRECTION('',(1.,0.,0.));
#2896 = DIRECTION('',(0.,-1.,0.));
#2897 = ADVANCED_FACE('',(#2898),#2909,.T.);
#2898 = FACE_BOUND('',#2899,.F.);
#2899 = EDGE_LOOP('',(#2900,#2901,#2902,#2908));
#2900 = ORIENTED_EDGE('',*,*,#2869,.T.);
#2901 = ORIENTED_EDGE('',*,*,#1462,.T.);
#2902 = ORIENTED_EDGE('',*,*,#2903,.F.);
#2903 = EDGE_CURVE('',#176,#1463,#2904,.T.);
#2904 = LINE('',#2905,#2906);
#2905 = CARTESIAN_POINT('',(215.,59.672684,0.));
#2906 = VECTOR('',#2907,1.);
#2907 = DIRECTION('',(0.,0.,1.));
#2908 = ORIENTED_EDGE('',*,*,#175,.F.);
#2909 = CYLINDRICAL_SURFACE('',#2910,7.172684);
#2910 = AXIS2_PLACEMENT_3D('',#2911,#2912,#2913);
#2911 = CARTESIAN_POINT('',(207.827316,59.672684,0.));
#2912 = DIRECTION('',(-0.,-0.,-1.));
#2913 = DIRECTION('',(1.,0.,0.));
#2914 = ADVANCED_FACE('',(#2915),#2926,.T.);
#2915 = FACE_BOUND('',#2916,.F.);
#2916 = EDGE_LOOP('',(#2917,#2923,#2924,#2925));
#2917 = ORIENTED_EDGE('',*,*,#2918,.T.);
#2918 = EDGE_CURVE('',#202,#1489,#2919,.T.);
#2919 = LINE('',#2920,#2921);
#2920 = CARTESIAN_POINT('',(-205.485133,87.5,0.));
#2921 = VECTOR('',#2922,1.);
#2922 = DIRECTION('',(0.,0.,1.));
#2923 = ORIENTED_EDGE('',*,*,#1496,.T.);
#2924 = ORIENTED_EDGE('',*,*,#2884,.F.);
#2925 = ORIENTED_EDGE('',*,*,#209,.F.);
#2926 = CYLINDRICAL_SURFACE('',#2927,9.514867);
#2927 = AXIS2_PLACEMENT_3D('',#2928,#2929,#2930);
#2928 = CARTESIAN_POINT('',(-205.485133,77.985133,0.));
#2929 = DIRECTION('',(-0.,-0.,-1.));
#2930 = DIRECTION('',(1.,0.,0.));
#2931 = ADVANCED_FACE('',(#2932),#2943,.F.);
#2932 = FACE_BOUND('',#2933,.F.);
#2933 = EDGE_LOOP('',(#2934,#2935,#2936,#2942));
#2934 = ORIENTED_EDGE('',*,*,#2903,.T.);
#2935 = ORIENTED_EDGE('',*,*,#1471,.T.);
#2936 = ORIENTED_EDGE('',*,*,#2937,.F.);
#2937 = EDGE_CURVE('',#185,#1472,#2938,.T.);
#2938 = LINE('',#2939,#2940);
#2939 = CARTESIAN_POINT('',(215.,79.248893,0.));
#2940 = VECTOR('',#2941,1.);
#2941 = DIRECTION('',(0.,0.,1.));
#2942 = ORIENTED_EDGE('',*,*,#184,.F.);
#2943 = PLANE('',#2944);
#2944 = AXIS2_PLACEMENT_3D('',#2945,#2946,#2947);
#2945 = CARTESIAN_POINT('',(215.,59.672684,0.));
#2946 = DIRECTION('',(-1.,0.,0.));
#2947 = DIRECTION('',(0.,1.,0.));
#2948 = ADVANCED_FACE('',(#2949),#2960,.F.);
#2949 = FACE_BOUND('',#2950,.F.);
#2950 = EDGE_LOOP('',(#2951,#2957,#2958,#2959));
#2951 = ORIENTED_EDGE('',*,*,#2952,.T.);
#2952 = EDGE_CURVE('',#193,#1480,#2953,.T.);
#2953 = LINE('',#2954,#2955);
#2954 = CARTESIAN_POINT('',(206.748893,87.5,0.));
#2955 = VECTOR('',#2956,1.);
#2956 = DIRECTION('',(0.,0.,1.));
#2957 = ORIENTED_EDGE('',*,*,#1488,.T.);
#2958 = ORIENTED_EDGE('',*,*,#2918,.F.);
#2959 = ORIENTED_EDGE('',*,*,#201,.F.);
#2960 = PLANE('',#2961);
#2961 = AXIS2_PLACEMENT_3D('',#2962,#2963,#2964);
#2962 = CARTESIAN_POINT('',(206.748893,87.5,0.));
#2963 = DIRECTION('',(0.,-1.,0.));
#2964 = DIRECTION('',(-1.,0.,0.));
#2965 = ADVANCED_FACE('',(#2966),#2972,.T.);
#2966 = FACE_BOUND('',#2967,.F.);
#2967 = EDGE_LOOP('',(#2968,#2969,#2970,#2971));
#2968 = ORIENTED_EDGE('',*,*,#2937,.T.);
#2969 = ORIENTED_EDGE('',*,*,#1479,.T.);
#2970 = ORIENTED_EDGE('',*,*,#2952,.F.);
#2971 = ORIENTED_EDGE('',*,*,#192,.F.);
#2972 = CYLINDRICAL_SURFACE('',#2973,8.251107);
#2973 = AXIS2_PLACEMENT_3D('',#2974,#2975,#2976);
#2974 = CARTESIAN_POINT('',(206.748893,79.248893,0.));
#2975 = DIRECTION('',(-0.,-0.,-1.));
#2976 = DIRECTION('',(1.,0.,0.));
#2977 = ADVANCED_FACE('',(#2978),#2994,.T.);
#2978 = FACE_BOUND('',#2979,.T.);
#2979 = EDGE_LOOP('',(#2980,#2986,#2987,#2993));
#2980 = ORIENTED_EDGE('',*,*,#2981,.T.);
#2981 = EDGE_CURVE('',#271,#1558,#2982,.T.);
#2982 = LINE('',#2983,#2984);
#2983 = CARTESIAN_POINT('',(-110.,-52.5,0.));
#2984 = VECTOR('',#2985,1.);
#2985 = DIRECTION('',(0.,0.,1.));
#2986 = ORIENTED_EDGE('',*,*,#1557,.T.);
#2987 = ORIENTED_EDGE('',*,*,#2988,.F.);
#2988 = EDGE_CURVE('',#273,#1560,#2989,.T.);
#2989 = LINE('',#2990,#2991);
#2990 = CARTESIAN_POINT('',(110.,-52.5,0.));
#2991 = VECTOR('',#2992,1.);
#2992 = DIRECTION('',(0.,0.,1.));
#2993 = ORIENTED_EDGE('',*,*,#270,.F.);
#2994 = PLANE('',#2995);
#2995 = AXIS2_PLACEMENT_3D('',#2996,#2997,#2998);
#2996 = CARTESIAN_POINT('',(-110.,-52.5,0.));
#2997 = DIRECTION('',(0.,1.,0.));
#2998 = DIRECTION('',(1.,0.,0.));
#2999 = ADVANCED_FACE('',(#3000),#3011,.T.);
#3000 = FACE_BOUND('',#3001,.T.);
#3001 = EDGE_LOOP('',(#3002,#3008,#3009,#3010));
#3002 = ORIENTED_EDGE('',*,*,#3003,.T.);
#3003 = EDGE_CURVE('',#281,#1568,#3004,.T.);
#3004 = LINE('',#3005,#3006);
#3005 = CARTESIAN_POINT('',(-110.,34.704529,0.));
#3006 = VECTOR('',#3007,1.);
#3007 = DIRECTION('',(0.,0.,1.));
#3008 = ORIENTED_EDGE('',*,*,#1567,.T.);
#3009 = ORIENTED_EDGE('',*,*,#2981,.F.);
#3010 = ORIENTED_EDGE('',*,*,#280,.F.);
#3011 = PLANE('',#3012);
#3012 = AXIS2_PLACEMENT_3D('',#3013,#3014,#3015);
#3013 = CARTESIAN_POINT('',(-110.,34.704529,0.));
#3014 = DIRECTION('',(1.,0.,0.));
#3015 = DIRECTION('',(0.,-1.,0.));
#3016 = ADVANCED_FACE('',(#3017),#3028,.T.);
#3017 = FACE_BOUND('',#3018,.T.);
#3018 = EDGE_LOOP('',(#3019,#3020,#3021,#3027));
#3019 = ORIENTED_EDGE('',*,*,#2988,.T.);
#3020 = ORIENTED_EDGE('',*,*,#1601,.T.);
#3021 = ORIENTED_EDGE('',*,*,#3022,.F.);
#3022 = EDGE_CURVE('',#306,#1593,#3023,.T.);
#3023 = LINE('',#3024,#3025);
#3024 = CARTESIAN_POINT('',(110.,37.020866,0.));
#3025 = VECTOR('',#3026,1.);
#3026 = DIRECTION('',(0.,0.,1.));
#3027 = ORIENTED_EDGE('',*,*,#314,.F.);
#3028 = PLANE('',#3029);
#3029 = AXIS2_PLACEMENT_3D('',#3030,#3031,#3032);
#3030 = CARTESIAN_POINT('',(110.,-52.5,0.));
#3031 = DIRECTION('',(-1.,0.,0.));
#3032 = DIRECTION('',(0.,1.,0.));
#3033 = ADVANCED_FACE('',(#3034),#3045,.F.);
#3034 = FACE_BOUND('',#3035,.T.);
#3035 = EDGE_LOOP('',(#3036,#3042,#3043,#3044));
#3036 = ORIENTED_EDGE('',*,*,#3037,.T.);
#3037 = EDGE_CURVE('',#289,#1576,#3038,.T.);
#3038 = LINE('',#3039,#3040);
#3039 = CARTESIAN_POINT('',(-92.204529,52.5,0.));
#3040 = VECTOR('',#3041,1.);
#3041 = DIRECTION('',(0.,0.,1.));
#3042 = ORIENTED_EDGE('',*,*,#1575,.T.);
#3043 = ORIENTED_EDGE('',*,*,#3003,.F.);
#3044 = ORIENTED_EDGE('',*,*,#288,.F.);
#3045 = CYLINDRICAL_SURFACE('',#3046,17.795471);
#3046 = AXIS2_PLACEMENT_3D('',#3047,#3048,#3049);
#3047 = CARTESIAN_POINT('',(-92.204529,34.704529,0.));
#3048 = DIRECTION('',(-0.,-0.,-1.));
#3049 = DIRECTION('',(1.,0.,0.));
#3050 = ADVANCED_FACE('',(#3051),#3062,.F.);
#3051 = FACE_BOUND('',#3052,.T.);
#3052 = EDGE_LOOP('',(#3053,#3054,#3055,#3061));
#3053 = ORIENTED_EDGE('',*,*,#3022,.T.);
#3054 = ORIENTED_EDGE('',*,*,#1592,.T.);
#3055 = ORIENTED_EDGE('',*,*,#3056,.F.);
#3056 = EDGE_CURVE('',#298,#1585,#3057,.T.);
#3057 = LINE('',#3058,#3059);
#3058 = CARTESIAN_POINT('',(94.520866,52.5,0.));
#3059 = VECTOR('',#3060,1.);
#3060 = DIRECTION('',(0.,0.,1.));
#3061 = ORIENTED_EDGE('',*,*,#305,.F.);
#3062 = CYLINDRICAL_SURFACE('',#3063,15.479134);
#3063 = AXIS2_PLACEMENT_3D('',#3064,#3065,#3066);
#3064 = CARTESIAN_POINT('',(94.520866,37.020866,0.));
#3065 = DIRECTION('',(-0.,-0.,-1.));
#3066 = DIRECTION('',(1.,0.,0.));
#3067 = ADVANCED_FACE('',(#3068),#3074,.T.);
#3068 = FACE_BOUND('',#3069,.T.);
#3069 = EDGE_LOOP('',(#3070,#3071,#3072,#3073));
#3070 = ORIENTED_EDGE('',*,*,#3056,.T.);
#3071 = ORIENTED_EDGE('',*,*,#1584,.T.);
#3072 = ORIENTED_EDGE('',*,*,#3037,.F.);
#3073 = ORIENTED_EDGE('',*,*,#297,.F.);
#3074 = PLANE('',#3075);
#3075 = AXIS2_PLACEMENT_3D('',#3076,#3077,#3078);
#3076 = CARTESIAN_POINT('',(94.520866,52.5,0.));
#3077 = DIRECTION('',(0.,-1.,0.));
#3078 = DIRECTION('',(-1.,0.,0.));
#3079 = ADVANCED_FACE('',(#3080),#3096,.T.);
#3080 = FACE_BOUND('',#3081,.T.);
#3081 = EDGE_LOOP('',(#3082,#3083,#3089,#3090));
#3082 = ORIENTED_EDGE('',*,*,#1609,.F.);
#3083 = ORIENTED_EDGE('',*,*,#3084,.T.);
#3084 = EDGE_CURVE('',#1610,#323,#3085,.T.);
#3085 = LINE('',#3086,#3087);
#3086 = CARTESIAN_POINT('',(-28.12857142857,71.471428571429,2.5));
#3087 = VECTOR('',#3088,1.);
#3088 = DIRECTION('',(-0.,-0.,-1.));
#3089 = ORIENTED_EDGE('',*,*,#322,.T.);
#3090 = ORIENTED_EDGE('',*,*,#3091,.F.);
#3091 = EDGE_CURVE('',#1612,#325,#3092,.T.);
#3092 = LINE('',#3093,#3094);
#3093 = CARTESIAN_POINT('',(-26.63571428571,68.514285714286,2.5));
#3094 = VECTOR('',#3095,1.);
#3095 = DIRECTION('',(-0.,-0.,-1.));
#3096 = PLANE('',#3097);
#3097 = AXIS2_PLACEMENT_3D('',#3098,#3099,#3100);
#3098 = CARTESIAN_POINT('',(-28.12857142857,71.471428571429,2.5));
#3099 = DIRECTION('',(-0.892695521655,-0.450660299579,0.));
#3100 = DIRECTION('',(0.450660299579,-0.892695521655,0.));
#3101 = ADVANCED_FACE('',(#3102),#3113,.T.);
#3102 = FACE_BOUND('',#3103,.T.);
#3103 = EDGE_LOOP('',(#3104,#3105,#3111,#3112));
#3104 = ORIENTED_EDGE('',*,*,#1635,.F.);
#3105 = ORIENTED_EDGE('',*,*,#3106,.T.);
#3106 = EDGE_CURVE('',#1628,#341,#3107,.T.);
#3107 = LINE('',#3108,#3109);
#3108 = CARTESIAN_POINT('',(-32.,64.,2.5));
#3109 = VECTOR('',#3110,1.);
#3110 = DIRECTION('',(-0.,-0.,-1.));
#3111 = ORIENTED_EDGE('',*,*,#348,.T.);
#3112 = ORIENTED_EDGE('',*,*,#3084,.F.);
#3113 = PLANE('',#3114);
#3114 = AXIS2_PLACEMENT_3D('',#3115,#3116,#3117);
#3115 = CARTESIAN_POINT('',(-32.,64.,2.5));
#3116 = DIRECTION('',(0.887882969423,-0.460069378038,0.));
#3117 = DIRECTION('',(0.460069378038,0.887882969423,0.));
#3118 = ADVANCED_FACE('',(#3119),#3130,.T.);
#3119 = FACE_BOUND('',#3120,.T.);
#3120 = EDGE_LOOP('',(#3121,#3122,#3128,#3129));
#3121 = ORIENTED_EDGE('',*,*,#1627,.F.);
#3122 = ORIENTED_EDGE('',*,*,#3123,.T.);
#3123 = EDGE_CURVE('',#1620,#333,#3124,.T.);
#3124 = LINE('',#3125,#3126);
#3125 = CARTESIAN_POINT('',(-28.92857142857,64.,2.5));
#3126 = VECTOR('',#3127,1.);
#3127 = DIRECTION('',(-0.,-0.,-1.));
#3128 = ORIENTED_EDGE('',*,*,#340,.T.);
#3129 = ORIENTED_EDGE('',*,*,#3106,.F.);
#3130 = PLANE('',#3131);
#3131 = AXIS2_PLACEMENT_3D('',#3132,#3133,#3134);
#3132 = CARTESIAN_POINT('',(-28.92857142857,64.,2.5));
#3133 = DIRECTION('',(0.,1.,0.));
#3134 = DIRECTION('',(-1.,0.,0.));
#3135 = ADVANCED_FACE('',(#3136),#3142,.T.);
#3136 = FACE_BOUND('',#3137,.T.);
#3137 = EDGE_LOOP('',(#3138,#3139,#3140,#3141));
#3138 = ORIENTED_EDGE('',*,*,#1619,.F.);
#3139 = ORIENTED_EDGE('',*,*,#3091,.T.);
#3140 = ORIENTED_EDGE('',*,*,#332,.T.);
#3141 = ORIENTED_EDGE('',*,*,#3123,.F.);
#3142 = PLANE('',#3143);
#3143 = AXIS2_PLACEMENT_3D('',#3144,#3145,#3146);
#3144 = CARTESIAN_POINT('',(-26.63571428571,68.514285714286,2.5));
#3145 = DIRECTION('',(-0.891587909311,0.45284765647,0.));
#3146 = DIRECTION('',(-0.45284765647,-0.891587909311,0.));
#3147 = ADVANCED_FACE('',(#3148),#3164,.T.);
#3148 = FACE_BOUND('',#3149,.T.);
#3149 = EDGE_LOOP('',(#3150,#3151,#3157,#3158));
#3150 = ORIENTED_EDGE('',*,*,#1643,.T.);
#3151 = ORIENTED_EDGE('',*,*,#3152,.T.);
#3152 = EDGE_CURVE('',#1646,#359,#3153,.T.);
#3153 = LINE('',#3154,#3155);
#3154 = CARTESIAN_POINT('',(3.058095238095,66.857142857143,2.5));
#3155 = VECTOR('',#3156,1.);
#3156 = DIRECTION('',(-0.,-0.,-1.));
#3157 = ORIENTED_EDGE('',*,*,#356,.F.);
#3158 = ORIENTED_EDGE('',*,*,#3159,.F.);
#3159 = EDGE_CURVE('',#1644,#357,#3160,.T.);
#3160 = LINE('',#3161,#3162);
#3161 = CARTESIAN_POINT('',(-0.513333333333,64.,2.5));
#3162 = VECTOR('',#3163,1.);
#3163 = DIRECTION('',(-0.,-0.,-1.));
#3164 = SURFACE_OF_LINEAR_EXTRUSION('',#3165,#3169);
#3165 = B_SPLINE_CURVE_WITH_KNOTS('',2,(#3166,#3167,#3168),
  .UNSPECIFIED.,.F.,.F.,(3,3),(0.,1.),.PIECEWISE_BEZIER_KNOTS.);
#3166 = CARTESIAN_POINT('',(3.058095238095,66.857142857143,2.5));
#3167 = CARTESIAN_POINT('',(3.058095238095,64.,2.5));
#3168 = CARTESIAN_POINT('',(-0.513333333333,64.,2.5));
#3169 = VECTOR('',#3170,1.);
#3170 = DIRECTION('',(0.,0.,1.));
#3171 = ADVANCED_FACE('',(#3172),#3183,.T.);
#3172 = FACE_BOUND('',#3173,.T.);
#3173 = EDGE_LOOP('',(#3174,#3175,#3181,#3182));
#3174 = ORIENTED_EDGE('',*,*,#1765,.F.);
#3175 = ORIENTED_EDGE('',*,*,#3176,.T.);
#3176 = EDGE_CURVE('',#1758,#471,#3177,.T.);
#3177 = LINE('',#3178,#3179);
#3178 = CARTESIAN_POINT('',(3.058095238095,68.285714285714,2.5));
#3179 = VECTOR('',#3180,1.);
#3180 = DIRECTION('',(-0.,-0.,-1.));
#3181 = ORIENTED_EDGE('',*,*,#478,.T.);
#3182 = ORIENTED_EDGE('',*,*,#3152,.F.);
#3183 = PLANE('',#3184);
#3184 = AXIS2_PLACEMENT_3D('',#3185,#3186,#3187);
#3185 = CARTESIAN_POINT('',(3.058095238095,68.285714285714,2.5));
#3186 = DIRECTION('',(-1.,0.,0.));
#3187 = DIRECTION('',(0.,-1.,0.));
#3188 = ADVANCED_FACE('',(#3189),#3200,.T.);
#3189 = FACE_BOUND('',#3190,.T.);
#3190 = EDGE_LOOP('',(#3191,#3192,#3198,#3199));
#3191 = ORIENTED_EDGE('',*,*,#1757,.F.);
#3192 = ORIENTED_EDGE('',*,*,#3193,.T.);
#3193 = EDGE_CURVE('',#1750,#463,#3194,.T.);
#3194 = LINE('',#3195,#3196);
#3195 = CARTESIAN_POINT('',(0.200952380952,68.285714285714,2.5));
#3196 = VECTOR('',#3197,1.);
#3197 = DIRECTION('',(-0.,-0.,-1.));
#3198 = ORIENTED_EDGE('',*,*,#470,.T.);
#3199 = ORIENTED_EDGE('',*,*,#3176,.F.);
#3200 = PLANE('',#3201);
#3201 = AXIS2_PLACEMENT_3D('',#3202,#3203,#3204);
#3202 = CARTESIAN_POINT('',(0.200952380952,68.285714285714,2.5));
#3203 = DIRECTION('',(0.,-1.,0.));
#3204 = DIRECTION('',(1.,0.,0.));
#3205 = ADVANCED_FACE('',(#3206),#3217,.T.);
#3206 = FACE_BOUND('',#3207,.T.);
#3207 = EDGE_LOOP('',(#3208,#3209,#3215,#3216));
#3208 = ORIENTED_EDGE('',*,*,#1749,.F.);
#3209 = ORIENTED_EDGE('',*,*,#3210,.T.);
#3210 = EDGE_CURVE('',#1719,#432,#3211,.T.);
#3211 = LINE('',#3212,#3213);
#3212 = CARTESIAN_POINT('',(0.200952380952,66.857142857143,2.5));
#3213 = VECTOR('',#3214,1.);
#3214 = DIRECTION('',(-0.,-0.,-1.));
#3215 = ORIENTED_EDGE('',*,*,#462,.T.);
#3216 = ORIENTED_EDGE('',*,*,#3193,.F.);
#3217 = PLANE('',#3218);
#3218 = AXIS2_PLACEMENT_3D('',#3219,#3220,#3221);
#3219 = CARTESIAN_POINT('',(0.200952380952,66.857142857143,2.5));
#3220 = DIRECTION('',(1.,0.,0.));
#3221 = DIRECTION('',(-0.,1.,0.));
#3222 = ADVANCED_FACE('',(#3223),#3234,.T.);
#3223 = FACE_BOUND('',#3224,.T.);
#3224 = EDGE_LOOP('',(#3225,#3226,#3232,#3233));
#3225 = ORIENTED_EDGE('',*,*,#1718,.T.);
#3226 = ORIENTED_EDGE('',*,*,#3227,.T.);
#3227 = EDGE_CURVE('',#1711,#424,#3228,.T.);
#3228 = LINE('',#3229,#3230);
#3229 = CARTESIAN_POINT('',(-0.513333333333,66.142857142857,2.5));
#3230 = VECTOR('',#3231,1.);
#3231 = DIRECTION('',(-0.,-0.,-1.));
#3232 = ORIENTED_EDGE('',*,*,#431,.F.);
#3233 = ORIENTED_EDGE('',*,*,#3210,.F.);
#3234 = SURFACE_OF_LINEAR_EXTRUSION('',#3235,#3239);
#3235 = B_SPLINE_CURVE_WITH_KNOTS('',2,(#3236,#3237,#3238),
  .UNSPECIFIED.,.F.,.F.,(3,3),(0.,1.),.PIECEWISE_BEZIER_KNOTS.);
#3236 = CARTESIAN_POINT('',(-0.513333333333,66.142857142857,2.5));
#3237 = CARTESIAN_POINT('',(0.200952380952,66.142857142857,2.5));
#3238 = CARTESIAN_POINT('',(0.200952380952,66.857142857143,2.5));
#3239 = VECTOR('',#3240,1.);
#3240 = DIRECTION('',(0.,0.,1.));
#3241 = ADVANCED_FACE('',(#3242),#3253,.T.);
#3242 = FACE_BOUND('',#3243,.T.);
#3243 = EDGE_LOOP('',(#3244,#3245,#3251,#3252));
#3244 = ORIENTED_EDGE('',*,*,#1710,.F.);
#3245 = ORIENTED_EDGE('',*,*,#3246,.T.);
#3246 = EDGE_CURVE('',#1703,#416,#3247,.T.);
#3247 = LINE('',#3248,#3249);
#3248 = CARTESIAN_POINT('',(-3.370476190476,66.142857142857,2.5));
#3249 = VECTOR('',#3250,1.);
#3250 = DIRECTION('',(-0.,-0.,-1.));
#3251 = ORIENTED_EDGE('',*,*,#423,.T.);
#3252 = ORIENTED_EDGE('',*,*,#3227,.F.);
#3253 = PLANE('',#3254);
#3254 = AXIS2_PLACEMENT_3D('',#3255,#3256,#3257);
#3255 = CARTESIAN_POINT('',(-3.370476190476,66.142857142857,2.5));
#3256 = DIRECTION('',(0.,-1.,0.));
#3257 = DIRECTION('',(1.,0.,0.));
#3258 = ADVANCED_FACE('',(#3259),#3270,.T.);
#3259 = FACE_BOUND('',#3260,.T.);
#3260 = EDGE_LOOP('',(#3261,#3262,#3268,#3269));
#3261 = ORIENTED_EDGE('',*,*,#1702,.F.);
#3262 = ORIENTED_EDGE('',*,*,#3263,.T.);
#3263 = EDGE_CURVE('',#1695,#408,#3264,.T.);
#3264 = LINE('',#3265,#3266);
#3265 = CARTESIAN_POINT('',(-3.370476190476,64.,2.5));
#3266 = VECTOR('',#3267,1.);
#3267 = DIRECTION('',(-0.,-0.,-1.));
#3268 = ORIENTED_EDGE('',*,*,#415,.T.);
#3269 = ORIENTED_EDGE('',*,*,#3246,.F.);
#3270 = PLANE('',#3271);
#3271 = AXIS2_PLACEMENT_3D('',#3272,#3273,#3274);
#3272 = CARTESIAN_POINT('',(-3.370476190476,64.,2.5));
#3273 = DIRECTION('',(1.,0.,0.));
#3274 = DIRECTION('',(-0.,1.,0.));
#3275 = ADVANCED_FACE('',(#3276),#3282,.T.);
#3276 = FACE_BOUND('',#3277,.T.);
#3277 = EDGE_LOOP('',(#3278,#3279,#3280,#3281));
#3278 = ORIENTED_EDGE('',*,*,#1694,.F.);
#3279 = ORIENTED_EDGE('',*,*,#3159,.T.);
#3280 = ORIENTED_EDGE('',*,*,#407,.T.);
#3281 = ORIENTED_EDGE('',*,*,#3263,.F.);
#3282 = PLANE('',#3283);
#3283 = AXIS2_PLACEMENT_3D('',#3284,#3285,#3286);
#3284 = CARTESIAN_POINT('',(-0.513333333333,64.,2.5));
#3285 = DIRECTION('',(0.,1.,0.));
#3286 = DIRECTION('',(-1.,0.,0.));
#3287 = ADVANCED_FACE('',(#3288),#3304,.T.);
#3288 = FACE_BOUND('',#3289,.T.);
#3289 = EDGE_LOOP('',(#3290,#3291,#3297,#3298));
#3290 = ORIENTED_EDGE('',*,*,#1773,.F.);
#3291 = ORIENTED_EDGE('',*,*,#3292,.T.);
#3292 = EDGE_CURVE('',#1774,#487,#3293,.T.);
#3293 = LINE('',#3294,#3295);
#3294 = CARTESIAN_POINT('',(-23.5,64.,2.5));
#3295 = VECTOR('',#3296,1.);
#3296 = DIRECTION('',(-0.,-0.,-1.));
#3297 = ORIENTED_EDGE('',*,*,#486,.T.);
#3298 = ORIENTED_EDGE('',*,*,#3299,.F.);
#3299 = EDGE_CURVE('',#1776,#489,#3300,.T.);
#3300 = LINE('',#3301,#3302);
#3301 = CARTESIAN_POINT('',(-27.69285714285,72.314285714286,2.5));
#3302 = VECTOR('',#3303,1.);
#3303 = DIRECTION('',(-0.,-0.,-1.));
#3304 = PLANE('',#3305);
#3305 = AXIS2_PLACEMENT_3D('',#3306,#3307,#3308);
#3306 = CARTESIAN_POINT('',(-23.5,64.,2.5));
#3307 = DIRECTION('',(0.892887756589,0.450279306802,0.));
#3308 = DIRECTION('',(-0.450279306802,0.892887756589,0.));
#3309 = ADVANCED_FACE('',(#3310),#3321,.T.);
#3310 = FACE_BOUND('',#3311,.T.);
#3311 = EDGE_LOOP('',(#3312,#3313,#3319,#3320));
#3312 = ORIENTED_EDGE('',*,*,#1799,.F.);
#3313 = ORIENTED_EDGE('',*,*,#3314,.T.);
#3314 = EDGE_CURVE('',#1792,#505,#3315,.T.);
#3315 = LINE('',#3316,#3317);
#3316 = CARTESIAN_POINT('',(-20.42857142857,64.,2.5));
#3317 = VECTOR('',#3318,1.);
#3318 = DIRECTION('',(-0.,-0.,-1.));
#3319 = ORIENTED_EDGE('',*,*,#512,.T.);
#3320 = ORIENTED_EDGE('',*,*,#3292,.F.);
#3321 = PLANE('',#3322);
#3322 = AXIS2_PLACEMENT_3D('',#3323,#3324,#3325);
#3323 = CARTESIAN_POINT('',(-20.42857142857,64.,2.5));
#3324 = DIRECTION('',(0.,1.,0.));
#3325 = DIRECTION('',(-1.,0.,0.));
#3326 = ADVANCED_FACE('',(#3327),#3338,.T.);
#3327 = FACE_BOUND('',#3328,.T.);
#3328 = EDGE_LOOP('',(#3329,#3330,#3336,#3337));
#3329 = ORIENTED_EDGE('',*,*,#1791,.F.);
#3330 = ORIENTED_EDGE('',*,*,#3331,.T.);
#3331 = EDGE_CURVE('',#1784,#497,#3332,.T.);
#3332 = LINE('',#3333,#3334);
#3333 = CARTESIAN_POINT('',(-26.21428571428,75.164285714286,2.5));
#3334 = VECTOR('',#3335,1.);
#3335 = DIRECTION('',(-0.,-0.,-1.));
#3336 = ORIENTED_EDGE('',*,*,#504,.T.);
#3337 = ORIENTED_EDGE('',*,*,#3314,.F.);
#3338 = PLANE('',#3339);
#3339 = AXIS2_PLACEMENT_3D('',#3340,#3341,#3342);
#3340 = CARTESIAN_POINT('',(-26.21428571428,75.164285714286,2.5));
#3341 = DIRECTION('',(-0.887857678794,-0.460118182868,0.));
#3342 = DIRECTION('',(0.460118182868,-0.887857678794,0.));
#3343 = ADVANCED_FACE('',(#3344),#3350,.T.);
#3344 = FACE_BOUND('',#3345,.T.);
#3345 = EDGE_LOOP('',(#3346,#3347,#3348,#3349));
#3346 = ORIENTED_EDGE('',*,*,#1783,.F.);
#3347 = ORIENTED_EDGE('',*,*,#3299,.T.);
#3348 = ORIENTED_EDGE('',*,*,#496,.T.);
#3349 = ORIENTED_EDGE('',*,*,#3331,.F.);
#3350 = PLANE('',#3351);
#3351 = AXIS2_PLACEMENT_3D('',#3352,#3353,#3354);
#3352 = CARTESIAN_POINT('',(-27.69285714285,72.314285714286,2.5));
#3353 = DIRECTION('',(0.887653496874,-0.460511964544,0.));
#3354 = DIRECTION('',(0.460511964544,0.887653496874,0.));
#3355 = ADVANCED_FACE('',(#3356),#3372,.T.);
#3356 = FACE_BOUND('',#3357,.T.);
#3357 = EDGE_LOOP('',(#3358,#3359,#3365,#3366));
#3358 = ORIENTED_EDGE('',*,*,#1807,.F.);
#3359 = ORIENTED_EDGE('',*,*,#3360,.T.);
#3360 = EDGE_CURVE('',#1808,#521,#3361,.T.);
#3361 = LINE('',#3362,#3363);
#3362 = CARTESIAN_POINT('',(-16.92857142857,71.142857142857,2.5));
#3363 = VECTOR('',#3364,1.);
#3364 = DIRECTION('',(-0.,-0.,-1.));
#3365 = ORIENTED_EDGE('',*,*,#520,.T.);
#3366 = ORIENTED_EDGE('',*,*,#3367,.F.);
#3367 = EDGE_CURVE('',#1810,#523,#3368,.T.);
#3368 = LINE('',#3369,#3370);
#3369 = CARTESIAN_POINT('',(-16.92857142857,64.,2.5));
#3370 = VECTOR('',#3371,1.);
#3371 = DIRECTION('',(-0.,-0.,-1.));
#3372 = PLANE('',#3373);
#3373 = AXIS2_PLACEMENT_3D('',#3374,#3375,#3376);
#3374 = CARTESIAN_POINT('',(-16.92857142857,71.142857142857,2.5));
#3375 = DIRECTION('',(-1.,0.,0.));
#3376 = DIRECTION('',(0.,-1.,0.));
#3377 = ADVANCED_FACE('',(#3378),#3389,.T.);
#3378 = FACE_BOUND('',#3379,.T.);
#3379 = EDGE_LOOP('',(#3380,#3381,#3387,#3388));
#3380 = ORIENTED_EDGE('',*,*,#1833,.F.);
#3381 = ORIENTED_EDGE('',*,*,#3382,.T.);
#3382 = EDGE_CURVE('',#1826,#539,#3383,.T.);
#3383 = LINE('',#3384,#3385);
#3384 = CARTESIAN_POINT('',(-19.78571428571,71.142857142857,2.5));
#3385 = VECTOR('',#3386,1.);
#3386 = DIRECTION('',(-0.,-0.,-1.));
#3387 = ORIENTED_EDGE('',*,*,#546,.T.);
#3388 = ORIENTED_EDGE('',*,*,#3360,.F.);
#3389 = PLANE('',#3390);
#3390 = AXIS2_PLACEMENT_3D('',#3391,#3392,#3393);
#3391 = CARTESIAN_POINT('',(-19.78571428571,71.142857142857,2.5));
#3392 = DIRECTION('',(0.,-1.,0.));
#3393 = DIRECTION('',(1.,0.,0.));
#3394 = ADVANCED_FACE('',(#3395),#3406,.T.);
#3395 = FACE_BOUND('',#3396,.T.);
#3396 = EDGE_LOOP('',(#3397,#3398,#3404,#3405));
#3397 = ORIENTED_EDGE('',*,*,#1825,.F.);
#3398 = ORIENTED_EDGE('',*,*,#3399,.T.);
#3399 = EDGE_CURVE('',#1818,#531,#3400,.T.);
#3400 = LINE('',#3401,#3402);
#3401 = CARTESIAN_POINT('',(-19.78571428571,64.,2.5));
#3402 = VECTOR('',#3403,1.);
#3403 = DIRECTION('',(-0.,-0.,-1.));
#3404 = ORIENTED_EDGE('',*,*,#538,.T.);
#3405 = ORIENTED_EDGE('',*,*,#3382,.F.);
#3406 = PLANE('',#3407);
#3407 = AXIS2_PLACEMENT_3D('',#3408,#3409,#3410);
#3408 = CARTESIAN_POINT('',(-19.78571428571,64.,2.5));
#3409 = DIRECTION('',(1.,0.,0.));
#3410 = DIRECTION('',(-0.,1.,0.));
#3411 = ADVANCED_FACE('',(#3412),#3418,.T.);
#3412 = FACE_BOUND('',#3413,.T.);
#3413 = EDGE_LOOP('',(#3414,#3415,#3416,#3417));
#3414 = ORIENTED_EDGE('',*,*,#1817,.F.);
#3415 = ORIENTED_EDGE('',*,*,#3367,.T.);
#3416 = ORIENTED_EDGE('',*,*,#530,.T.);
#3417 = ORIENTED_EDGE('',*,*,#3399,.F.);
#3418 = PLANE('',#3419);
#3419 = AXIS2_PLACEMENT_3D('',#3420,#3421,#3422);
#3420 = CARTESIAN_POINT('',(-16.92857142857,64.,2.5));
#3421 = DIRECTION('',(0.,1.,0.));
#3422 = DIRECTION('',(-1.,0.,0.));
#3423 = ADVANCED_FACE('',(#3424),#3440,.T.);
#3424 = FACE_BOUND('',#3425,.T.);
#3425 = EDGE_LOOP('',(#3426,#3427,#3433,#3434));
#3426 = ORIENTED_EDGE('',*,*,#1841,.T.);
#3427 = ORIENTED_EDGE('',*,*,#3428,.T.);
#3428 = EDGE_CURVE('',#1844,#557,#3429,.T.);
#3429 = LINE('',#3430,#3431);
#3430 = CARTESIAN_POINT('',(-11.92857142857,71.142857142857,2.5));
#3431 = VECTOR('',#3432,1.);
#3432 = DIRECTION('',(-0.,-0.,-1.));
#3433 = ORIENTED_EDGE('',*,*,#554,.F.);
#3434 = ORIENTED_EDGE('',*,*,#3435,.F.);
#3435 = EDGE_CURVE('',#1842,#555,#3436,.T.);
#3436 = LINE('',#3437,#3438);
#3437 = CARTESIAN_POINT('',(-12.64285714285,71.857142857143,2.5));
#3438 = VECTOR('',#3439,1.);
#3439 = DIRECTION('',(-0.,-0.,-1.));
#3440 = SURFACE_OF_LINEAR_EXTRUSION('',#3441,#3445);
#3441 = B_SPLINE_CURVE_WITH_KNOTS('',2,(#3442,#3443,#3444),
  .UNSPECIFIED.,.F.,.F.,(3,3),(0.,1.),.PIECEWISE_BEZIER_KNOTS.);
#3442 = CARTESIAN_POINT('',(-11.92857142857,71.142857142857,2.5));
#3443 = CARTESIAN_POINT('',(-11.92857142857,71.857142857143,2.5));
#3444 = CARTESIAN_POINT('',(-12.64285714285,71.857142857143,2.5));
#3445 = VECTOR('',#3446,1.);
#3446 = DIRECTION('',(0.,0.,1.));
#3447 = ADVANCED_FACE('',(#3448),#3459,.T.);
#3448 = FACE_BOUND('',#3449,.T.);
#3449 = EDGE_LOOP('',(#3450,#3451,#3457,#3458));
#3450 = ORIENTED_EDGE('',*,*,#2055,.F.);
#3451 = ORIENTED_EDGE('',*,*,#3452,.T.);
#3452 = EDGE_CURVE('',#2025,#738,#3453,.T.);
#3453 = LINE('',#3454,#3455);
#3454 = CARTESIAN_POINT('',(-11.92857142857,70.428571428571,2.5));
#3455 = VECTOR('',#3456,1.);
#3456 = DIRECTION('',(-0.,-0.,-1.));
#3457 = ORIENTED_EDGE('',*,*,#768,.T.);
#3458 = ORIENTED_EDGE('',*,*,#3428,.F.);
#3459 = PLANE('',#3460);
#3460 = AXIS2_PLACEMENT_3D('',#3461,#3462,#3463);
#3461 = CARTESIAN_POINT('',(-11.92857142857,70.428571428571,2.5));
#3462 = DIRECTION('',(1.,0.,0.));
#3463 = DIRECTION('',(-0.,1.,0.));
#3464 = ADVANCED_FACE('',(#3465),#3476,.T.);
#3465 = FACE_BOUND('',#3466,.T.);
#3466 = EDGE_LOOP('',(#3467,#3468,#3474,#3475));
#3467 = ORIENTED_EDGE('',*,*,#2024,.T.);
#3468 = ORIENTED_EDGE('',*,*,#3469,.T.);
#3469 = EDGE_CURVE('',#2017,#730,#3470,.T.);
#3470 = LINE('',#3471,#3472);
#3471 = CARTESIAN_POINT('',(-12.64285714285,69.714285714286,2.5));
#3472 = VECTOR('',#3473,1.);
#3473 = DIRECTION('',(-0.,-0.,-1.));
#3474 = ORIENTED_EDGE('',*,*,#737,.F.);
#3475 = ORIENTED_EDGE('',*,*,#3452,.F.);
#3476 = SURFACE_OF_LINEAR_EXTRUSION('',#3477,#3481);
#3477 = B_SPLINE_CURVE_WITH_KNOTS('',2,(#3478,#3479,#3480),
  .UNSPECIFIED.,.F.,.F.,(3,3),(0.,1.),.PIECEWISE_BEZIER_KNOTS.);
#3478 = CARTESIAN_POINT('',(-12.64285714285,69.714285714286,2.5));
#3479 = CARTESIAN_POINT('',(-11.92857142857,69.714285714286,2.5));
#3480 = CARTESIAN_POINT('',(-11.92857142857,70.428571428571,2.5));
#3481 = VECTOR('',#3482,1.);
#3482 = DIRECTION('',(0.,0.,1.));
#3483 = ADVANCED_FACE('',(#3484),#3495,.T.);
#3484 = FACE_BOUND('',#3485,.T.);
#3485 = EDGE_LOOP('',(#3486,#3487,#3493,#3494));
#3486 = ORIENTED_EDGE('',*,*,#2016,.F.);
#3487 = ORIENTED_EDGE('',*,*,#3488,.T.);
#3488 = EDGE_CURVE('',#2009,#722,#3489,.T.);
#3489 = LINE('',#3490,#3491);
#3490 = CARTESIAN_POINT('',(-16.21428571428,69.714285714286,2.5));
#3491 = VECTOR('',#3492,1.);
#3492 = DIRECTION('',(-0.,-0.,-1.));
#3493 = ORIENTED_EDGE('',*,*,#729,.T.);
#3494 = ORIENTED_EDGE('',*,*,#3469,.F.);
#3495 = PLANE('',#3496);
#3496 = AXIS2_PLACEMENT_3D('',#3497,#3498,#3499);
#3497 = CARTESIAN_POINT('',(-16.21428571428,69.714285714286,2.5));
#3498 = DIRECTION('',(0.,-1.,0.));
#3499 = DIRECTION('',(1.,0.,0.));
#3500 = ADVANCED_FACE('',(#3501),#3512,.T.);
#3501 = FACE_BOUND('',#3502,.T.);
#3502 = EDGE_LOOP('',(#3503,#3504,#3510,#3511));
#3503 = ORIENTED_EDGE('',*,*,#2008,.F.);
#3504 = ORIENTED_EDGE('',*,*,#3505,.T.);
#3505 = EDGE_CURVE('',#2001,#714,#3506,.T.);
#3506 = LINE('',#3507,#3508);
#3507 = CARTESIAN_POINT('',(-12.64285714285,64.,2.5));
#3508 = VECTOR('',#3509,1.);
#3509 = DIRECTION('',(-0.,-0.,-1.));
#3510 = ORIENTED_EDGE('',*,*,#721,.T.);
#3511 = ORIENTED_EDGE('',*,*,#3488,.F.);
#3512 = PLANE('',#3513);
#3513 = AXIS2_PLACEMENT_3D('',#3514,#3515,#3516);
#3514 = CARTESIAN_POINT('',(-12.64285714285,64.,2.5));
#3515 = DIRECTION('',(0.847998304005,0.529998940003,0.));
#3516 = DIRECTION('',(-0.529998940003,0.847998304005,0.));
#3517 = ADVANCED_FACE('',(#3518),#3529,.T.);
#3518 = FACE_BOUND('',#3519,.T.);
#3519 = EDGE_LOOP('',(#3520,#3521,#3527,#3528));
#3520 = ORIENTED_EDGE('',*,*,#2000,.F.);
#3521 = ORIENTED_EDGE('',*,*,#3522,.T.);
#3522 = EDGE_CURVE('',#1993,#706,#3523,.T.);
#3523 = LINE('',#3524,#3525);
#3524 = CARTESIAN_POINT('',(-9.071428571429,64.,2.5));
#3525 = VECTOR('',#3526,1.);
#3526 = DIRECTION('',(-0.,-0.,-1.));
#3527 = ORIENTED_EDGE('',*,*,#713,.T.);
#3528 = ORIENTED_EDGE('',*,*,#3505,.F.);
#3529 = PLANE('',#3530);
#3530 = AXIS2_PLACEMENT_3D('',#3531,#3532,#3533);
#3531 = CARTESIAN_POINT('',(-9.071428571429,64.,2.5));
#3532 = DIRECTION('',(0.,1.,0.));
#3533 = DIRECTION('',(-1.,0.,0.));
#3534 = ADVANCED_FACE('',(#3535),#3546,.T.);
#3535 = FACE_BOUND('',#3536,.T.);
#3536 = EDGE_LOOP('',(#3537,#3538,#3544,#3545));
#3537 = ORIENTED_EDGE('',*,*,#1992,.F.);
#3538 = ORIENTED_EDGE('',*,*,#3539,.T.);
#3539 = EDGE_CURVE('',#1956,#669,#3540,.T.);
#3540 = LINE('',#3541,#3542);
#3541 = CARTESIAN_POINT('',(-11.37142857142,67.685714285714,2.5));
#3542 = VECTOR('',#3543,1.);
#3543 = DIRECTION('',(-0.,-0.,-1.));
#3544 = ORIENTED_EDGE('',*,*,#705,.T.);
#3545 = ORIENTED_EDGE('',*,*,#3522,.F.);
#3546 = PLANE('',#3547);
#3547 = AXIS2_PLACEMENT_3D('',#3548,#3549,#3550);
#3548 = CARTESIAN_POINT('',(-11.37142857142,67.685714285714,2.5));
#3549 = DIRECTION('',(-0.848367563844,-0.529407665809,0.));
#3550 = DIRECTION('',(0.529407665809,-0.848367563844,0.));
#3551 = ADVANCED_FACE('',(#3552),#3563,.T.);
#3552 = FACE_BOUND('',#3553,.T.);
#3553 = EDGE_LOOP('',(#3554,#3555,#3561,#3562));
#3554 = ORIENTED_EDGE('',*,*,#1955,.T.);
#3555 = ORIENTED_EDGE('',*,*,#3556,.T.);
#3556 = EDGE_CURVE('',#1948,#661,#3557,.T.);
#3557 = LINE('',#3558,#3559);
#3558 = CARTESIAN_POINT('',(-9.071428571429,70.428571428571,2.5));
#3559 = VECTOR('',#3560,1.);
#3560 = DIRECTION('',(-0.,-0.,-1.));
#3561 = ORIENTED_EDGE('',*,*,#668,.F.);
#3562 = ORIENTED_EDGE('',*,*,#3539,.F.);
#3563 = SURFACE_OF_LINEAR_EXTRUSION('',#3564,#3568);
#3564 = B_SPLINE_CURVE_WITH_KNOTS('',2,(#3565,#3566,#3567),
  .UNSPECIFIED.,.F.,.F.,(3,3),(0.,1.),.PIECEWISE_BEZIER_KNOTS.);
#3565 = CARTESIAN_POINT('',(-9.071428571429,70.428571428571,2.5));
#3566 = CARTESIAN_POINT('',(-9.071428571429,68.135714285714,2.5));
#3567 = CARTESIAN_POINT('',(-11.37142857142,67.685714285714,2.5));
#3568 = VECTOR('',#3569,1.);
#3569 = DIRECTION('',(0.,0.,1.));
#3570 = ADVANCED_FACE('',(#3571),#3582,.T.);
#3571 = FACE_BOUND('',#3572,.T.);
#3572 = EDGE_LOOP('',(#3573,#3574,#3580,#3581));
#3573 = ORIENTED_EDGE('',*,*,#1947,.F.);
#3574 = ORIENTED_EDGE('',*,*,#3575,.T.);
#3575 = EDGE_CURVE('',#1899,#612,#3576,.T.);
#3576 = LINE('',#3577,#3578);
#3577 = CARTESIAN_POINT('',(-9.071428571429,71.142857142857,2.5));
#3578 = VECTOR('',#3579,1.);
#3579 = DIRECTION('',(-0.,-0.,-1.));
#3580 = ORIENTED_EDGE('',*,*,#660,.T.);
#3581 = ORIENTED_EDGE('',*,*,#3556,.F.);
#3582 = PLANE('',#3583);
#3583 = AXIS2_PLACEMENT_3D('',#3584,#3585,#3586);
#3584 = CARTESIAN_POINT('',(-9.071428571429,71.142857142857,2.5));
#3585 = DIRECTION('',(-1.,0.,0.));
#3586 = DIRECTION('',(0.,-1.,0.));
#3587 = ADVANCED_FACE('',(#3588),#3599,.T.);
#3588 = FACE_BOUND('',#3589,.T.);
#3589 = EDGE_LOOP('',(#3590,#3591,#3597,#3598));
#3590 = ORIENTED_EDGE('',*,*,#1898,.T.);
#3591 = ORIENTED_EDGE('',*,*,#3592,.T.);
#3592 = EDGE_CURVE('',#1891,#604,#3593,.T.);
#3593 = LINE('',#3594,#3595);
#3594 = CARTESIAN_POINT('',(-12.64285714285,74.,2.5));
#3595 = VECTOR('',#3596,1.);
#3596 = DIRECTION('',(-0.,-0.,-1.));
#3597 = ORIENTED_EDGE('',*,*,#611,.F.);
#3598 = ORIENTED_EDGE('',*,*,#3575,.F.);
#3599 = SURFACE_OF_LINEAR_EXTRUSION('',#3600,#3604);
#3600 = B_SPLINE_CURVE_WITH_KNOTS('',2,(#3601,#3602,#3603),
  .UNSPECIFIED.,.F.,.F.,(3,3),(0.,1.),.PIECEWISE_BEZIER_KNOTS.);
#3601 = CARTESIAN_POINT('',(-12.64285714285,74.,2.5));
#3602 = CARTESIAN_POINT('',(-9.071428571429,74.,2.5));
#3603 = CARTESIAN_POINT('',(-9.071428571429,71.142857142857,2.5));
#3604 = VECTOR('',#3605,1.);
#3605 = DIRECTION('',(0.,0.,1.));
#3606 = ADVANCED_FACE('',(#3607),#3618,.T.);
#3607 = FACE_BOUND('',#3608,.T.);
#3608 = EDGE_LOOP('',(#3609,#3610,#3616,#3617));
#3609 = ORIENTED_EDGE('',*,*,#1890,.F.);
#3610 = ORIENTED_EDGE('',*,*,#3611,.T.);
#3611 = EDGE_CURVE('',#1883,#596,#3612,.T.);
#3612 = LINE('',#3613,#3614);
#3613 = CARTESIAN_POINT('',(-19.78571428571,74.,2.5));
#3614 = VECTOR('',#3615,1.);
#3615 = DIRECTION('',(-0.,-0.,-1.));
#3616 = ORIENTED_EDGE('',*,*,#603,.T.);
#3617 = ORIENTED_EDGE('',*,*,#3592,.F.);
#3618 = PLANE('',#3619);
#3619 = AXIS2_PLACEMENT_3D('',#3620,#3621,#3622);
#3620 = CARTESIAN_POINT('',(-19.78571428571,74.,2.5));
#3621 = DIRECTION('',(0.,-1.,0.));
#3622 = DIRECTION('',(1.,0.,0.));
#3623 = ADVANCED_FACE('',(#3624),#3635,.T.);
#3624 = FACE_BOUND('',#3625,.T.);
#3625 = EDGE_LOOP('',(#3626,#3627,#3633,#3634));
#3626 = ORIENTED_EDGE('',*,*,#1882,.F.);
#3627 = ORIENTED_EDGE('',*,*,#3628,.T.);
#3628 = EDGE_CURVE('',#1875,#588,#3629,.T.);
#3629 = LINE('',#3630,#3631);
#3630 = CARTESIAN_POINT('',(-19.78571428571,71.857142857143,2.5));
#3631 = VECTOR('',#3632,1.);
#3632 = DIRECTION('',(-0.,-0.,-1.));
#3633 = ORIENTED_EDGE('',*,*,#595,.T.);
#3634 = ORIENTED_EDGE('',*,*,#3611,.F.);
#3635 = PLANE('',#3636);
#3636 = AXIS2_PLACEMENT_3D('',#3637,#3638,#3639);
#3637 = CARTESIAN_POINT('',(-19.78571428571,71.857142857143,2.5));
#3638 = DIRECTION('',(1.,0.,0.));
#3639 = DIRECTION('',(-0.,1.,0.));
#3640 = ADVANCED_FACE('',(#3641),#3647,.T.);
#3641 = FACE_BOUND('',#3642,.T.);
#3642 = EDGE_LOOP('',(#3643,#3644,#3645,#3646));
#3643 = ORIENTED_EDGE('',*,*,#1874,.F.);
#3644 = ORIENTED_EDGE('',*,*,#3435,.T.);
#3645 = ORIENTED_EDGE('',*,*,#587,.T.);
#3646 = ORIENTED_EDGE('',*,*,#3628,.F.);
#3647 = PLANE('',#3648);
#3648 = AXIS2_PLACEMENT_3D('',#3649,#3650,#3651);
#3649 = CARTESIAN_POINT('',(-12.64285714285,71.857142857143,2.5));
#3650 = DIRECTION('',(0.,1.,0.));
#3651 = DIRECTION('',(-1.,0.,0.));
#3652 = ADVANCED_FACE('',(#3653),#3669,.T.);
#3653 = FACE_BOUND('',#3654,.T.);
#3654 = EDGE_LOOP('',(#3655,#3656,#3662,#3663));
#3655 = ORIENTED_EDGE('',*,*,#2063,.T.);
#3656 = ORIENTED_EDGE('',*,*,#3657,.T.);
#3657 = EDGE_CURVE('',#2066,#779,#3658,.T.);
#3658 = LINE('',#3659,#3660);
#3659 = CARTESIAN_POINT('',(-4.799047619048,66.857142857143,2.5));
#3660 = VECTOR('',#3661,1.);
#3661 = DIRECTION('',(-0.,-0.,-1.));
#3662 = ORIENTED_EDGE('',*,*,#776,.F.);
#3663 = ORIENTED_EDGE('',*,*,#3664,.F.);
#3664 = EDGE_CURVE('',#2064,#777,#3665,.T.);
#3665 = LINE('',#3666,#3667);
#3666 = CARTESIAN_POINT('',(-4.084761904762,66.142857142857,2.5));
#3667 = VECTOR('',#3668,1.);
#3668 = DIRECTION('',(-0.,-0.,-1.));
#3669 = SURFACE_OF_LINEAR_EXTRUSION('',#3670,#3674);
#3670 = B_SPLINE_CURVE_WITH_KNOTS('',2,(#3671,#3672,#3673),
  .UNSPECIFIED.,.F.,.F.,(3,3),(0.,1.),.PIECEWISE_BEZIER_KNOTS.);
#3671 = CARTESIAN_POINT('',(-4.799047619048,66.857142857143,2.5));
#3672 = CARTESIAN_POINT('',(-4.799047619048,66.142857142857,2.5));
#3673 = CARTESIAN_POINT('',(-4.084761904762,66.142857142857,2.5));
#3674 = VECTOR('',#3675,1.);
#3675 = DIRECTION('',(0.,0.,1.));
#3676 = ADVANCED_FACE('',(#3677),#3688,.T.);
#3677 = FACE_BOUND('',#3678,.T.);
#3678 = EDGE_LOOP('',(#3679,#3680,#3686,#3687));
#3679 = ORIENTED_EDGE('',*,*,#2265,.F.);
#3680 = ORIENTED_EDGE('',*,*,#3681,.T.);
#3681 = EDGE_CURVE('',#2235,#948,#3682,.T.);
#3682 = LINE('',#3683,#3684);
#3683 = CARTESIAN_POINT('',(-4.799047619048,71.142857142857,2.5));
#3684 = VECTOR('',#3685,1.);
#3685 = DIRECTION('',(-0.,-0.,-1.));
#3686 = ORIENTED_EDGE('',*,*,#978,.T.);
#3687 = ORIENTED_EDGE('',*,*,#3657,.F.);
#3688 = PLANE('',#3689);
#3689 = AXIS2_PLACEMENT_3D('',#3690,#3691,#3692);
#3690 = CARTESIAN_POINT('',(-4.799047619048,71.142857142857,2.5));
#3691 = DIRECTION('',(-1.,0.,0.));
#3692 = DIRECTION('',(0.,-1.,0.));
#3693 = ADVANCED_FACE('',(#3694),#3705,.T.);
#3694 = FACE_BOUND('',#3695,.T.);
#3695 = EDGE_LOOP('',(#3696,#3697,#3703,#3704));
#3696 = ORIENTED_EDGE('',*,*,#2234,.T.);
#3697 = ORIENTED_EDGE('',*,*,#3698,.T.);
#3698 = EDGE_CURVE('',#2227,#940,#3699,.T.);
#3699 = LINE('',#3700,#3701);
#3700 = CARTESIAN_POINT('',(-4.084761904762,71.857142857143,2.5));
#3701 = VECTOR('',#3702,1.);
#3702 = DIRECTION('',(-0.,-0.,-1.));
#3703 = ORIENTED_EDGE('',*,*,#947,.F.);
#3704 = ORIENTED_EDGE('',*,*,#3681,.F.);
#3705 = SURFACE_OF_LINEAR_EXTRUSION('',#3706,#3710);
#3706 = B_SPLINE_CURVE_WITH_KNOTS('',2,(#3707,#3708,#3709),
  .UNSPECIFIED.,.F.,.F.,(3,3),(0.,1.),.PIECEWISE_BEZIER_KNOTS.);
#3707 = CARTESIAN_POINT('',(-4.084761904762,71.857142857143,2.5));
#3708 = CARTESIAN_POINT('',(-4.799047619048,71.857142857143,2.5));
#3709 = CARTESIAN_POINT('',(-4.799047619048,71.142857142857,2.5));
#3710 = VECTOR('',#3711,1.);
#3711 = DIRECTION('',(0.,0.,1.));
#3712 = ADVANCED_FACE('',(#3713),#3724,.T.);
#3713 = FACE_BOUND('',#3714,.T.);
#3714 = EDGE_LOOP('',(#3715,#3716,#3722,#3723));
#3715 = ORIENTED_EDGE('',*,*,#2226,.F.);
#3716 = ORIENTED_EDGE('',*,*,#3717,.T.);
#3717 = EDGE_CURVE('',#2219,#932,#3718,.T.);
#3718 = LINE('',#3719,#3720);
#3719 = CARTESIAN_POINT('',(-1.227619047619,71.857142857143,2.5));
#3720 = VECTOR('',#3721,1.);
#3721 = DIRECTION('',(-0.,-0.,-1.));
#3722 = ORIENTED_EDGE('',*,*,#939,.T.);
#3723 = ORIENTED_EDGE('',*,*,#3698,.F.);
#3724 = PLANE('',#3725);
#3725 = AXIS2_PLACEMENT_3D('',#3726,#3727,#3728);
#3726 = CARTESIAN_POINT('',(-1.227619047619,71.857142857143,2.5));
#3727 = DIRECTION('',(0.,1.,0.));
#3728 = DIRECTION('',(-1.,0.,0.));
#3729 = ADVANCED_FACE('',(#3730),#3741,.T.);
#3730 = FACE_BOUND('',#3731,.T.);
#3731 = EDGE_LOOP('',(#3732,#3733,#3739,#3740));
#3732 = ORIENTED_EDGE('',*,*,#2218,.F.);
#3733 = ORIENTED_EDGE('',*,*,#3734,.T.);
#3734 = EDGE_CURVE('',#2211,#924,#3735,.T.);
#3735 = LINE('',#3736,#3737);
#3736 = CARTESIAN_POINT('',(-1.227619047619,74.,2.5));
#3737 = VECTOR('',#3738,1.);
#3738 = DIRECTION('',(-0.,-0.,-1.));
#3739 = ORIENTED_EDGE('',*,*,#931,.T.);
#3740 = ORIENTED_EDGE('',*,*,#3717,.F.);
#3741 = PLANE('',#3742);
#3742 = AXIS2_PLACEMENT_3D('',#3743,#3744,#3745);
#3743 = CARTESIAN_POINT('',(-1.227619047619,74.,2.5));
#3744 = DIRECTION('',(-1.,0.,0.));
#3745 = DIRECTION('',(0.,-1.,0.));
#3746 = ADVANCED_FACE('',(#3747),#3758,.T.);
#3747 = FACE_BOUND('',#3748,.T.);
#3748 = EDGE_LOOP('',(#3749,#3750,#3756,#3757));
#3749 = ORIENTED_EDGE('',*,*,#2210,.F.);
#3750 = ORIENTED_EDGE('',*,*,#3751,.T.);
#3751 = EDGE_CURVE('',#2162,#875,#3752,.T.);
#3752 = LINE('',#3753,#3754);
#3753 = CARTESIAN_POINT('',(-4.084761904762,74.,2.5));
#3754 = VECTOR('',#3755,1.);
#3755 = DIRECTION('',(-0.,-0.,-1.));
#3756 = ORIENTED_EDGE('',*,*,#923,.T.);
#3757 = ORIENTED_EDGE('',*,*,#3734,.F.);
#3758 = PLANE('',#3759);
#3759 = AXIS2_PLACEMENT_3D('',#3760,#3761,#3762);
#3760 = CARTESIAN_POINT('',(-4.084761904762,74.,2.5));
#3761 = DIRECTION('',(0.,-1.,0.));
#3762 = DIRECTION('',(1.,0.,0.));
#3763 = ADVANCED_FACE('',(#3764),#3775,.T.);
#3764 = FACE_BOUND('',#3765,.T.);
#3765 = EDGE_LOOP('',(#3766,#3767,#3773,#3774));
#3766 = ORIENTED_EDGE('',*,*,#2161,.T.);
#3767 = ORIENTED_EDGE('',*,*,#3768,.T.);
#3768 = EDGE_CURVE('',#2154,#867,#3769,.T.);
#3769 = LINE('',#3770,#3771);
#3770 = CARTESIAN_POINT('',(-7.65619047619,71.142857142857,2.5));
#3771 = VECTOR('',#3772,1.);
#3772 = DIRECTION('',(-0.,-0.,-1.));
#3773 = ORIENTED_EDGE('',*,*,#874,.F.);
#3774 = ORIENTED_EDGE('',*,*,#3751,.F.);
#3775 = SURFACE_OF_LINEAR_EXTRUSION('',#3776,#3780);
#3776 = B_SPLINE_CURVE_WITH_KNOTS('',2,(#3777,#3778,#3779),
  .UNSPECIFIED.,.F.,.F.,(3,3),(0.,1.),.PIECEWISE_BEZIER_KNOTS.);
#3777 = CARTESIAN_POINT('',(-7.65619047619,71.142857142857,2.5));
#3778 = CARTESIAN_POINT('',(-7.65619047619,74.,2.5));
#3779 = CARTESIAN_POINT('',(-4.084761904762,74.,2.5));
#3780 = VECTOR('',#3781,1.);
#3781 = DIRECTION('',(0.,0.,1.));
#3782 = ADVANCED_FACE('',(#3783),#3794,.T.);
#3783 = FACE_BOUND('',#3784,.T.);
#3784 = EDGE_LOOP('',(#3785,#3786,#3792,#3793));
#3785 = ORIENTED_EDGE('',*,*,#2153,.F.);
#3786 = ORIENTED_EDGE('',*,*,#3787,.T.);
#3787 = EDGE_CURVE('',#2105,#818,#3788,.T.);
#3788 = LINE('',#3789,#3790);
#3789 = CARTESIAN_POINT('',(-7.65619047619,66.857142857143,2.5));
#3790 = VECTOR('',#3791,1.);
#3791 = DIRECTION('',(-0.,-0.,-1.));
#3792 = ORIENTED_EDGE('',*,*,#866,.T.);
#3793 = ORIENTED_EDGE('',*,*,#3768,.F.);
#3794 = PLANE('',#3795);
#3795 = AXIS2_PLACEMENT_3D('',#3796,#3797,#3798);
#3796 = CARTESIAN_POINT('',(-7.65619047619,66.857142857143,2.5));
#3797 = DIRECTION('',(1.,0.,0.));
#3798 = DIRECTION('',(-0.,1.,0.));
#3799 = ADVANCED_FACE('',(#3800),#3811,.T.);
#3800 = FACE_BOUND('',#3801,.T.);
#3801 = EDGE_LOOP('',(#3802,#3803,#3809,#3810));
#3802 = ORIENTED_EDGE('',*,*,#2104,.T.);
#3803 = ORIENTED_EDGE('',*,*,#3804,.T.);
#3804 = EDGE_CURVE('',#2097,#810,#3805,.T.);
#3805 = LINE('',#3806,#3807);
#3806 = CARTESIAN_POINT('',(-4.084761904762,64.,2.5));
#3807 = VECTOR('',#3808,1.);
#3808 = DIRECTION('',(-0.,-0.,-1.));
#3809 = ORIENTED_EDGE('',*,*,#817,.F.);
#3810 = ORIENTED_EDGE('',*,*,#3787,.F.);
#3811 = SURFACE_OF_LINEAR_EXTRUSION('',#3812,#3816);
#3812 = B_SPLINE_CURVE_WITH_KNOTS('',2,(#3813,#3814,#3815),
  .UNSPECIFIED.,.F.,.F.,(3,3),(0.,1.),.PIECEWISE_BEZIER_KNOTS.);
#3813 = CARTESIAN_POINT('',(-4.084761904762,64.,2.5));
#3814 = CARTESIAN_POINT('',(-7.65619047619,64.,2.5));
#3815 = CARTESIAN_POINT('',(-7.65619047619,66.857142857143,2.5));
#3816 = VECTOR('',#3817,1.);
#3817 = DIRECTION('',(0.,0.,1.));
#3818 = ADVANCED_FACE('',(#3819),#3825,.T.);
#3819 = FACE_BOUND('',#3820,.T.);
#3820 = EDGE_LOOP('',(#3821,#3822,#3823,#3824));
#3821 = ORIENTED_EDGE('',*,*,#2096,.F.);
#3822 = ORIENTED_EDGE('',*,*,#3664,.T.);
#3823 = ORIENTED_EDGE('',*,*,#809,.T.);
#3824 = ORIENTED_EDGE('',*,*,#3804,.F.);
#3825 = PLANE('',#3826);
#3826 = AXIS2_PLACEMENT_3D('',#3827,#3828,#3829);
#3827 = CARTESIAN_POINT('',(-4.084761904762,66.142857142857,2.5));
#3828 = DIRECTION('',(-1.,0.,0.));
#3829 = DIRECTION('',(0.,-1.,0.));
#3830 = ADVANCED_FACE('',(#3831),#3847,.T.);
#3831 = FACE_BOUND('',#3832,.T.);
#3832 = EDGE_LOOP('',(#3833,#3834,#3840,#3841));
#3833 = ORIENTED_EDGE('',*,*,#2273,.F.);
#3834 = ORIENTED_EDGE('',*,*,#3835,.T.);
#3835 = EDGE_CURVE('',#2274,#987,#3836,.T.);
#3836 = LINE('',#3837,#3838);
#3837 = CARTESIAN_POINT('',(4.473333333333,64.,2.5));
#3838 = VECTOR('',#3839,1.);
#3839 = DIRECTION('',(-0.,-0.,-1.));
#3840 = ORIENTED_EDGE('',*,*,#986,.T.);
#3841 = ORIENTED_EDGE('',*,*,#3842,.F.);
#3842 = EDGE_CURVE('',#2276,#989,#3843,.T.);
#3843 = LINE('',#3844,#3845);
#3844 = CARTESIAN_POINT('',(4.473333333333,74.,2.5));
#3845 = VECTOR('',#3846,1.);
#3846 = DIRECTION('',(-0.,-0.,-1.));
#3847 = PLANE('',#3848);
#3848 = AXIS2_PLACEMENT_3D('',#3849,#3850,#3851);
#3849 = CARTESIAN_POINT('',(4.473333333333,64.,2.5));
#3850 = DIRECTION('',(1.,0.,0.));
#3851 = DIRECTION('',(-0.,1.,0.));
#3852 = ADVANCED_FACE('',(#3853),#3864,.T.);
#3853 = FACE_BOUND('',#3854,.T.);
#3854 = EDGE_LOOP('',(#3855,#3856,#3862,#3863));
#3855 = ORIENTED_EDGE('',*,*,#2299,.F.);
#3856 = ORIENTED_EDGE('',*,*,#3857,.T.);
#3857 = EDGE_CURVE('',#2292,#1005,#3858,.T.);
#3858 = LINE('',#3859,#3860);
#3859 = CARTESIAN_POINT('',(7.330476190476,64.,2.5));
#3860 = VECTOR('',#3861,1.);
#3861 = DIRECTION('',(-0.,-0.,-1.));
#3862 = ORIENTED_EDGE('',*,*,#1012,.T.);
#3863 = ORIENTED_EDGE('',*,*,#3835,.F.);
#3864 = PLANE('',#3865);
#3865 = AXIS2_PLACEMENT_3D('',#3866,#3867,#3868);
#3866 = CARTESIAN_POINT('',(7.330476190476,64.,2.5));
#3867 = DIRECTION('',(0.,1.,0.));
#3868 = DIRECTION('',(-1.,0.,0.));
#3869 = ADVANCED_FACE('',(#3870),#3881,.T.);
#3870 = FACE_BOUND('',#3871,.T.);
#3871 = EDGE_LOOP('',(#3872,#3873,#3879,#3880));
#3872 = ORIENTED_EDGE('',*,*,#2291,.F.);
#3873 = ORIENTED_EDGE('',*,*,#3874,.T.);
#3874 = EDGE_CURVE('',#2284,#997,#3875,.T.);
#3875 = LINE('',#3876,#3877);
#3876 = CARTESIAN_POINT('',(7.330476190476,74.,2.5));
#3877 = VECTOR('',#3878,1.);
#3878 = DIRECTION('',(-0.,-0.,-1.));
#3879 = ORIENTED_EDGE('',*,*,#1004,.T.);
#3880 = ORIENTED_EDGE('',*,*,#3857,.F.);
#3881 = PLANE('',#3882);
#3882 = AXIS2_PLACEMENT_3D('',#3883,#3884,#3885);
#3883 = CARTESIAN_POINT('',(7.330476190476,74.,2.5));
#3884 = DIRECTION('',(-1.,0.,0.));
#3885 = DIRECTION('',(0.,-1.,0.));
#3886 = ADVANCED_FACE('',(#3887),#3893,.T.);
#3887 = FACE_BOUND('',#3888,.T.);
#3888 = EDGE_LOOP('',(#3889,#3890,#3891,#3892));
#3889 = ORIENTED_EDGE('',*,*,#2283,.F.);
#3890 = ORIENTED_EDGE('',*,*,#3842,.T.);
#3891 = ORIENTED_EDGE('',*,*,#996,.T.);
#3892 = ORIENTED_EDGE('',*,*,#3874,.F.);
#3893 = PLANE('',#3894);
#3894 = AXIS2_PLACEMENT_3D('',#3895,#3896,#3897);
#3895 = CARTESIAN_POINT('',(4.473333333333,74.,2.5));
#3896 = DIRECTION('',(0.,-1.,0.));
#3897 = DIRECTION('',(1.,0.,0.));
#3898 = ADVANCED_FACE('',(#3899),#3915,.T.);
#3899 = FACE_BOUND('',#3900,.T.);
#3900 = EDGE_LOOP('',(#3901,#3902,#3908,#3909));
#3901 = ORIENTED_EDGE('',*,*,#2307,.F.);
#3902 = ORIENTED_EDGE('',*,*,#3903,.T.);
#3903 = EDGE_CURVE('',#2308,#1021,#3904,.T.);
#3904 = LINE('',#3905,#3906);
#3905 = CARTESIAN_POINT('',(12.330476190476,64.,2.5));
#3906 = VECTOR('',#3907,1.);
#3907 = DIRECTION('',(-0.,-0.,-1.));
#3908 = ORIENTED_EDGE('',*,*,#1020,.T.);
#3909 = ORIENTED_EDGE('',*,*,#3910,.F.);
#3910 = EDGE_CURVE('',#2310,#1023,#3911,.T.);
#3911 = LINE('',#3912,#3913);
#3912 = CARTESIAN_POINT('',(12.330476190476,67.571428571429,2.5));
#3913 = VECTOR('',#3914,1.);
#3914 = DIRECTION('',(-0.,-0.,-1.));
#3915 = PLANE('',#3916);
#3916 = AXIS2_PLACEMENT_3D('',#3917,#3918,#3919);
#3917 = CARTESIAN_POINT('',(12.330476190476,64.,2.5));
#3918 = DIRECTION('',(1.,0.,0.));
#3919 = DIRECTION('',(-0.,1.,0.));
#3920 = ADVANCED_FACE('',(#3921),#3932,.T.);
#3921 = FACE_BOUND('',#3922,.T.);
#3922 = EDGE_LOOP('',(#3923,#3924,#3930,#3931));
#3923 = ORIENTED_EDGE('',*,*,#2365,.F.);
#3924 = ORIENTED_EDGE('',*,*,#3925,.T.);
#3925 = EDGE_CURVE('',#2358,#1071,#3926,.T.);
#3926 = LINE('',#3927,#3928);
#3927 = CARTESIAN_POINT('',(15.187619047619,64.,2.5));
#3928 = VECTOR('',#3929,1.);
#3929 = DIRECTION('',(-0.,-0.,-1.));
#3930 = ORIENTED_EDGE('',*,*,#1078,.T.);
#3931 = ORIENTED_EDGE('',*,*,#3903,.F.);
#3932 = PLANE('',#3933);
#3933 = AXIS2_PLACEMENT_3D('',#3934,#3935,#3936);
#3934 = CARTESIAN_POINT('',(15.187619047619,64.,2.5));
#3935 = DIRECTION('',(0.,1.,0.));
#3936 = DIRECTION('',(-1.,0.,0.));
#3937 = ADVANCED_FACE('',(#3938),#3949,.T.);
#3938 = FACE_BOUND('',#3939,.T.);
#3939 = EDGE_LOOP('',(#3940,#3941,#3947,#3948));
#3940 = ORIENTED_EDGE('',*,*,#2357,.F.);
#3941 = ORIENTED_EDGE('',*,*,#3942,.T.);
#3942 = EDGE_CURVE('',#2350,#1063,#3943,.T.);
#3943 = LINE('',#3944,#3945);
#3944 = CARTESIAN_POINT('',(15.187619047619,74.,2.5));
#3945 = VECTOR('',#3946,1.);
#3946 = DIRECTION('',(-0.,-0.,-1.));
#3947 = ORIENTED_EDGE('',*,*,#1070,.T.);
#3948 = ORIENTED_EDGE('',*,*,#3925,.F.);
#3949 = PLANE('',#3950);
#3950 = AXIS2_PLACEMENT_3D('',#3951,#3952,#3953);
#3951 = CARTESIAN_POINT('',(15.187619047619,74.,2.5));
#3952 = DIRECTION('',(-1.,0.,0.));
#3953 = DIRECTION('',(0.,-1.,0.));
#3954 = ADVANCED_FACE('',(#3955),#3966,.T.);
#3955 = FACE_BOUND('',#3956,.T.);
#3956 = EDGE_LOOP('',(#3957,#3958,#3964,#3965));
#3957 = ORIENTED_EDGE('',*,*,#2349,.F.);
#3958 = ORIENTED_EDGE('',*,*,#3959,.T.);
#3959 = EDGE_CURVE('',#2342,#1055,#3960,.T.);
#3960 = LINE('',#3961,#3962);
#3961 = CARTESIAN_POINT('',(12.330476190476,74.,2.5));
#3962 = VECTOR('',#3963,1.);
#3963 = DIRECTION('',(-0.,-0.,-1.));
#3964 = ORIENTED_EDGE('',*,*,#1062,.T.);
#3965 = ORIENTED_EDGE('',*,*,#3942,.F.);
#3966 = PLANE('',#3967);
#3967 = AXIS2_PLACEMENT_3D('',#3968,#3969,#3970);
#3968 = CARTESIAN_POINT('',(12.330476190476,74.,2.5));
#3969 = DIRECTION('',(0.,-1.,0.));
#3970 = DIRECTION('',(1.,0.,0.));
#3971 = ADVANCED_FACE('',(#3972),#3983,.T.);
#3972 = FACE_BOUND('',#3973,.T.);
#3973 = EDGE_LOOP('',(#3974,#3975,#3981,#3982));
#3974 = ORIENTED_EDGE('',*,*,#2341,.F.);
#3975 = ORIENTED_EDGE('',*,*,#3976,.T.);
#3976 = EDGE_CURVE('',#2334,#1047,#3977,.T.);
#3977 = LINE('',#3978,#3979);
#3978 = CARTESIAN_POINT('',(12.330476190476,69.714285714286,2.5));
#3979 = VECTOR('',#3980,1.);
#3980 = DIRECTION('',(-0.,-0.,-1.));
#3981 = ORIENTED_EDGE('',*,*,#1054,.T.);
#3982 = ORIENTED_EDGE('',*,*,#3959,.F.);
#3983 = PLANE('',#3984);
#3984 = AXIS2_PLACEMENT_3D('',#3985,#3986,#3987);
#3985 = CARTESIAN_POINT('',(12.330476190476,69.714285714286,2.5));
#3986 = DIRECTION('',(1.,0.,0.));
#3987 = DIRECTION('',(-0.,1.,0.));
#3988 = ADVANCED_FACE('',(#3989),#4000,.T.);
#3989 = FACE_BOUND('',#3990,.T.);
#3990 = EDGE_LOOP('',(#3991,#3992,#3998,#3999));
#3991 = ORIENTED_EDGE('',*,*,#2333,.F.);
#3992 = ORIENTED_EDGE('',*,*,#3993,.T.);
#3993 = EDGE_CURVE('',#2326,#1039,#3994,.T.);
#3994 = LINE('',#3995,#3996);
#3995 = CARTESIAN_POINT('',(8.044761904762,69.714285714286,2.5));
#3996 = VECTOR('',#3997,1.);
#3997 = DIRECTION('',(-0.,-0.,-1.));
#3998 = ORIENTED_EDGE('',*,*,#1046,.T.);
#3999 = ORIENTED_EDGE('',*,*,#3976,.F.);
#4000 = PLANE('',#4001);
#4001 = AXIS2_PLACEMENT_3D('',#4002,#4003,#4004);
#4002 = CARTESIAN_POINT('',(8.044761904762,69.714285714286,2.5));
#4003 = DIRECTION('',(0.,-1.,0.));
#4004 = DIRECTION('',(1.,0.,0.));
#4005 = ADVANCED_FACE('',(#4006),#4017,.T.);
#4006 = FACE_BOUND('',#4007,.T.);
#4007 = EDGE_LOOP('',(#4008,#4009,#4015,#4016));
#4008 = ORIENTED_EDGE('',*,*,#2325,.F.);
#4009 = ORIENTED_EDGE('',*,*,#4010,.T.);
#4010 = EDGE_CURVE('',#2318,#1031,#4011,.T.);
#4011 = LINE('',#4012,#4013);
#4012 = CARTESIAN_POINT('',(9.473333333333,67.571428571429,2.5));
#4013 = VECTOR('',#4014,1.);
#4014 = DIRECTION('',(-0.,-0.,-1.));
#4015 = ORIENTED_EDGE('',*,*,#1038,.T.);
#4016 = ORIENTED_EDGE('',*,*,#3993,.F.);
#4017 = PLANE('',#4018);
#4018 = AXIS2_PLACEMENT_3D('',#4019,#4020,#4021);
#4019 = CARTESIAN_POINT('',(9.473333333333,67.571428571429,2.5));
#4020 = DIRECTION('',(0.832050294338,0.554700196225,0.));
#4021 = DIRECTION('',(-0.554700196225,0.832050294338,0.));
#4022 = ADVANCED_FACE('',(#4023),#4029,.T.);
#4023 = FACE_BOUND('',#4024,.T.);
#4024 = EDGE_LOOP('',(#4025,#4026,#4027,#4028));
#4025 = ORIENTED_EDGE('',*,*,#2317,.F.);
#4026 = ORIENTED_EDGE('',*,*,#3910,.T.);
#4027 = ORIENTED_EDGE('',*,*,#1030,.T.);
#4028 = ORIENTED_EDGE('',*,*,#4010,.F.);
#4029 = PLANE('',#4030);
#4030 = AXIS2_PLACEMENT_3D('',#4031,#4032,#4033);
#4031 = CARTESIAN_POINT('',(12.330476190476,67.571428571429,2.5));
#4032 = DIRECTION('',(0.,1.,0.));
#4033 = DIRECTION('',(-1.,0.,0.));
#4034 = ADVANCED_FACE('',(#4035),#4051,.T.);
#4035 = FACE_BOUND('',#4036,.T.);
#4036 = EDGE_LOOP('',(#4037,#4038,#4044,#4045));
#4037 = ORIENTED_EDGE('',*,*,#2373,.T.);
#4038 = ORIENTED_EDGE('',*,*,#4039,.T.);
#4039 = EDGE_CURVE('',#2376,#1089,#4040,.T.);
#4040 = LINE('',#4041,#4042);
#4041 = CARTESIAN_POINT('',(0.200952380952,71.142857142857,2.5));
#4042 = VECTOR('',#4043,1.);
#4043 = DIRECTION('',(-0.,-0.,-1.));
#4044 = ORIENTED_EDGE('',*,*,#1086,.F.);
#4045 = ORIENTED_EDGE('',*,*,#4046,.F.);
#4046 = EDGE_CURVE('',#2374,#1087,#4047,.T.);
#4047 = LINE('',#4048,#4049);
#4048 = CARTESIAN_POINT('',(-0.513333333333,71.857142857143,2.5));
#4049 = VECTOR('',#4050,1.);
#4050 = DIRECTION('',(-0.,-0.,-1.));
#4051 = SURFACE_OF_LINEAR_EXTRUSION('',#4052,#4056);
#4052 = B_SPLINE_CURVE_WITH_KNOTS('',2,(#4053,#4054,#4055),
  .UNSPECIFIED.,.F.,.F.,(3,3),(0.,1.),.PIECEWISE_BEZIER_KNOTS.);
#4053 = CARTESIAN_POINT('',(0.200952380952,71.142857142857,2.5));
#4054 = CARTESIAN_POINT('',(0.200952380952,71.857142857143,2.5));
#4055 = CARTESIAN_POINT('',(-0.513333333333,71.857142857143,2.5));
#4056 = VECTOR('',#4057,1.);
#4057 = DIRECTION('',(0.,0.,1.));
#4058 = ADVANCED_FACE('',(#4059),#4070,.T.);
#4059 = FACE_BOUND('',#4060,.T.);
#4060 = EDGE_LOOP('',(#4061,#4062,#4068,#4069));
#4061 = ORIENTED_EDGE('',*,*,#2479,.F.);
#4062 = ORIENTED_EDGE('',*,*,#4063,.T.);
#4063 = EDGE_CURVE('',#2472,#1185,#4064,.T.);
#4064 = LINE('',#4065,#4066);
#4065 = CARTESIAN_POINT('',(0.200952380952,69.714285714286,2.5));
#4066 = VECTOR('',#4067,1.);
#4067 = DIRECTION('',(-0.,-0.,-1.));
#4068 = ORIENTED_EDGE('',*,*,#1192,.T.);
#4069 = ORIENTED_EDGE('',*,*,#4039,.F.);
#4070 = PLANE('',#4071);
#4071 = AXIS2_PLACEMENT_3D('',#4072,#4073,#4074);
#4072 = CARTESIAN_POINT('',(0.200952380952,69.714285714286,2.5));
#4073 = DIRECTION('',(1.,0.,0.));
#4074 = DIRECTION('',(-0.,1.,0.));
#4075 = ADVANCED_FACE('',(#4076),#4087,.T.);
#4076 = FACE_BOUND('',#4077,.T.);
#4077 = EDGE_LOOP('',(#4078,#4079,#4085,#4086));
#4078 = ORIENTED_EDGE('',*,*,#2471,.F.);
#4079 = ORIENTED_EDGE('',*,*,#4080,.T.);
#4080 = EDGE_CURVE('',#2464,#1177,#4081,.T.);
#4081 = LINE('',#4082,#4083);
#4082 = CARTESIAN_POINT('',(3.058095238095,69.714285714286,2.5));
#4083 = VECTOR('',#4084,1.);
#4084 = DIRECTION('',(-0.,-0.,-1.));
#4085 = ORIENTED_EDGE('',*,*,#1184,.T.);
#4086 = ORIENTED_EDGE('',*,*,#4063,.F.);
#4087 = PLANE('',#4088);
#4088 = AXIS2_PLACEMENT_3D('',#4089,#4090,#4091);
#4089 = CARTESIAN_POINT('',(3.058095238095,69.714285714286,2.5));
#4090 = DIRECTION('',(0.,1.,0.));
#4091 = DIRECTION('',(-1.,0.,0.));
#4092 = ADVANCED_FACE('',(#4093),#4104,.T.);
#4093 = FACE_BOUND('',#4094,.T.);
#4094 = EDGE_LOOP('',(#4095,#4096,#4102,#4103));
#4095 = ORIENTED_EDGE('',*,*,#2463,.F.);
#4096 = ORIENTED_EDGE('',*,*,#4097,.T.);
#4097 = EDGE_CURVE('',#2415,#1128,#4098,.T.);
#4098 = LINE('',#4099,#4100);
#4099 = CARTESIAN_POINT('',(3.058095238095,71.142857142857,2.5));
#4100 = VECTOR('',#4101,1.);
#4101 = DIRECTION('',(-0.,-0.,-1.));
#4102 = ORIENTED_EDGE('',*,*,#1176,.T.);
#4103 = ORIENTED_EDGE('',*,*,#4080,.F.);
#4104 = PLANE('',#4105);
#4105 = AXIS2_PLACEMENT_3D('',#4106,#4107,#4108);
#4106 = CARTESIAN_POINT('',(3.058095238095,71.142857142857,2.5));
#4107 = DIRECTION('',(-1.,0.,0.));
#4108 = DIRECTION('',(0.,-1.,0.));
#4109 = ADVANCED_FACE('',(#4110),#4121,.T.);
#4110 = FACE_BOUND('',#4111,.T.);
#4111 = EDGE_LOOP('',(#4112,#4113,#4119,#4120));
#4112 = ORIENTED_EDGE('',*,*,#2414,.T.);
#4113 = ORIENTED_EDGE('',*,*,#4114,.T.);
#4114 = EDGE_CURVE('',#2407,#1120,#4115,.T.);
#4115 = LINE('',#4116,#4117);
#4116 = CARTESIAN_POINT('',(-0.513333333333,74.,2.5));
#4117 = VECTOR('',#4118,1.);
#4118 = DIRECTION('',(-0.,-0.,-1.));
#4119 = ORIENTED_EDGE('',*,*,#1127,.F.);
#4120 = ORIENTED_EDGE('',*,*,#4097,.F.);
#4121 = SURFACE_OF_LINEAR_EXTRUSION('',#4122,#4126);
#4122 = B_SPLINE_CURVE_WITH_KNOTS('',2,(#4123,#4124,#4125),
  .UNSPECIFIED.,.F.,.F.,(3,3),(0.,1.),.PIECEWISE_BEZIER_KNOTS.);
#4123 = CARTESIAN_POINT('',(-0.513333333333,74.,2.5));
#4124 = CARTESIAN_POINT('',(3.058095238095,74.,2.5));
#4125 = CARTESIAN_POINT('',(3.058095238095,71.142857142857,2.5));
#4126 = VECTOR('',#4127,1.);
#4127 = DIRECTION('',(0.,0.,1.));
#4128 = ADVANCED_FACE('',(#4129),#4135,.T.);
#4129 = FACE_BOUND('',#4130,.T.);
#4130 = EDGE_LOOP('',(#4131,#4132,#4133,#4134));
#4131 = ORIENTED_EDGE('',*,*,#2406,.F.);
#4132 = ORIENTED_EDGE('',*,*,#4046,.T.);
#4133 = ORIENTED_EDGE('',*,*,#1119,.T.);
#4134 = ORIENTED_EDGE('',*,*,#4114,.F.);
#4135 = PLANE('',#4136);
#4136 = AXIS2_PLACEMENT_3D('',#4137,#4138,#4139);
#4137 = CARTESIAN_POINT('',(-0.513333333333,71.857142857143,2.5));
#4138 = DIRECTION('',(1.,0.,0.));
#4139 = DIRECTION('',(-0.,1.,0.));
#4140 = ADVANCED_FACE('',(#4141),#4157,.T.);
#4141 = FACE_BOUND('',#4142,.T.);
#4142 = EDGE_LOOP('',(#4143,#4144,#4150,#4151));
#4143 = ORIENTED_EDGE('',*,*,#2487,.F.);
#4144 = ORIENTED_EDGE('',*,*,#4145,.T.);
#4145 = EDGE_CURVE('',#2488,#1201,#4146,.T.);
#4146 = LINE('',#4147,#4148);
#4147 = CARTESIAN_POINT('',(16.602857142857,64.,2.5));
#4148 = VECTOR('',#4149,1.);
#4149 = DIRECTION('',(-0.,-0.,-1.));
#4150 = ORIENTED_EDGE('',*,*,#1200,.T.);
#4151 = ORIENTED_EDGE('',*,*,#4152,.F.);
#4152 = EDGE_CURVE('',#2490,#1203,#4153,.T.);
#4153 = LINE('',#4154,#4155);
#4154 = CARTESIAN_POINT('',(16.602857142857,71.142857142857,2.5));
#4155 = VECTOR('',#4156,1.);
#4156 = DIRECTION('',(-0.,-0.,-1.));
#4157 = PLANE('',#4158);
#4158 = AXIS2_PLACEMENT_3D('',#4159,#4160,#4161);
#4159 = CARTESIAN_POINT('',(16.602857142857,64.,2.5));
#4160 = DIRECTION('',(1.,0.,0.));
#4161 = DIRECTION('',(-0.,1.,0.));
#4162 = ADVANCED_FACE('',(#4163),#4174,.T.);
#4163 = FACE_BOUND('',#4164,.T.);
#4164 = EDGE_LOOP('',(#4165,#4166,#4172,#4173));
#4165 = ORIENTED_EDGE('',*,*,#2513,.F.);
#4166 = ORIENTED_EDGE('',*,*,#4167,.T.);
#4167 = EDGE_CURVE('',#2506,#1219,#4168,.T.);
#4168 = LINE('',#4169,#4170);
#4169 = CARTESIAN_POINT('',(19.46,64.,2.5));
#4170 = VECTOR('',#4171,1.);
#4171 = DIRECTION('',(-0.,-0.,-1.));
#4172 = ORIENTED_EDGE('',*,*,#1226,.T.);
#4173 = ORIENTED_EDGE('',*,*,#4145,.F.);
#4174 = PLANE('',#4175);
#4175 = AXIS2_PLACEMENT_3D('',#4176,#4177,#4178);
#4176 = CARTESIAN_POINT('',(19.46,64.,2.5));
#4177 = DIRECTION('',(0.,1.,0.));
#4178 = DIRECTION('',(-1.,0.,0.));
#4179 = ADVANCED_FACE('',(#4180),#4191,.T.);
#4180 = FACE_BOUND('',#4181,.T.);
#4181 = EDGE_LOOP('',(#4182,#4183,#4189,#4190));
#4182 = ORIENTED_EDGE('',*,*,#2505,.F.);
#4183 = ORIENTED_EDGE('',*,*,#4184,.T.);
#4184 = EDGE_CURVE('',#2498,#1211,#4185,.T.);
#4185 = LINE('',#4186,#4187);
#4186 = CARTESIAN_POINT('',(19.46,71.142857142857,2.5));
#4187 = VECTOR('',#4188,1.);
#4188 = DIRECTION('',(-0.,-0.,-1.));
#4189 = ORIENTED_EDGE('',*,*,#1218,.T.);
#4190 = ORIENTED_EDGE('',*,*,#4167,.F.);
#4191 = PLANE('',#4192);
#4192 = AXIS2_PLACEMENT_3D('',#4193,#4194,#4195);
#4193 = CARTESIAN_POINT('',(19.46,71.142857142857,2.5));
#4194 = DIRECTION('',(-1.,0.,0.));
#4195 = DIRECTION('',(0.,-1.,0.));
#4196 = ADVANCED_FACE('',(#4197),#4203,.T.);
#4197 = FACE_BOUND('',#4198,.T.);
#4198 = EDGE_LOOP('',(#4199,#4200,#4201,#4202));
#4199 = ORIENTED_EDGE('',*,*,#2497,.F.);
#4200 = ORIENTED_EDGE('',*,*,#4152,.T.);
#4201 = ORIENTED_EDGE('',*,*,#1210,.T.);
#4202 = ORIENTED_EDGE('',*,*,#4184,.F.);
#4203 = PLANE('',#4204);
#4204 = AXIS2_PLACEMENT_3D('',#4205,#4206,#4207);
#4205 = CARTESIAN_POINT('',(16.602857142857,71.142857142857,2.5));
#4206 = DIRECTION('',(0.,-1.,0.));
#4207 = DIRECTION('',(1.,0.,0.));
#4208 = ADVANCED_FACE('',(#4209),#4225,.T.);
#4209 = FACE_BOUND('',#4210,.T.);
#4210 = EDGE_LOOP('',(#4211,#4212,#4218,#4219));
#4211 = ORIENTED_EDGE('',*,*,#2521,.F.);
#4212 = ORIENTED_EDGE('',*,*,#4213,.T.);
#4213 = EDGE_CURVE('',#2522,#1235,#4214,.T.);
#4214 = LINE('',#4215,#4216);
#4215 = CARTESIAN_POINT('',(26.602857142857,69.714285714286,2.5));
#4216 = VECTOR('',#4217,1.);
#4217 = DIRECTION('',(-0.,-0.,-1.));
#4218 = ORIENTED_EDGE('',*,*,#1234,.T.);
#4219 = ORIENTED_EDGE('',*,*,#4220,.F.);
#4220 = EDGE_CURVE('',#2524,#1237,#4221,.T.);
#4221 = LINE('',#4222,#4223);
#4222 = CARTESIAN_POINT('',(26.602857142857,67.571428571429,2.5));
#4223 = VECTOR('',#4224,1.);
#4224 = DIRECTION('',(-0.,-0.,-1.));
#4225 = PLANE('',#4226);
#4226 = AXIS2_PLACEMENT_3D('',#4227,#4228,#4229);
#4227 = CARTESIAN_POINT('',(26.602857142857,69.714285714286,2.5));
#4228 = DIRECTION('',(-1.,0.,0.));
#4229 = DIRECTION('',(0.,-1.,0.));
#4230 = ADVANCED_FACE('',(#4231),#4242,.T.);
#4231 = FACE_BOUND('',#4232,.T.);
#4232 = EDGE_LOOP('',(#4233,#4234,#4240,#4241));
#4233 = ORIENTED_EDGE('',*,*,#2547,.F.);
#4234 = ORIENTED_EDGE('',*,*,#4235,.T.);
#4235 = EDGE_CURVE('',#2540,#1253,#4236,.T.);
#4236 = LINE('',#4237,#4238);
#4237 = CARTESIAN_POINT('',(20.174285714286,69.714285714286,2.5));
#4238 = VECTOR('',#4239,1.);
#4239 = DIRECTION('',(-0.,-0.,-1.));
#4240 = ORIENTED_EDGE('',*,*,#1260,.T.);
#4241 = ORIENTED_EDGE('',*,*,#4213,.F.);
#4242 = PLANE('',#4243);
#4243 = AXIS2_PLACEMENT_3D('',#4244,#4245,#4246);
#4244 = CARTESIAN_POINT('',(20.174285714286,69.714285714286,2.5));
#4245 = DIRECTION('',(0.,-1.,0.));
#4246 = DIRECTION('',(1.,0.,0.));
#4247 = ADVANCED_FACE('',(#4248),#4259,.T.);
#4248 = FACE_BOUND('',#4249,.T.);
#4249 = EDGE_LOOP('',(#4250,#4251,#4257,#4258));
#4250 = ORIENTED_EDGE('',*,*,#2539,.F.);
#4251 = ORIENTED_EDGE('',*,*,#4252,.T.);
#4252 = EDGE_CURVE('',#2532,#1245,#4253,.T.);
#4253 = LINE('',#4254,#4255);
#4254 = CARTESIAN_POINT('',(21.602857142857,67.571428571429,2.5));
#4255 = VECTOR('',#4256,1.);
#4256 = DIRECTION('',(-0.,-0.,-1.));
#4257 = ORIENTED_EDGE('',*,*,#1252,.T.);
#4258 = ORIENTED_EDGE('',*,*,#4235,.F.);
#4259 = PLANE('',#4260);
#4260 = AXIS2_PLACEMENT_3D('',#4261,#4262,#4263);
#4261 = CARTESIAN_POINT('',(21.602857142857,67.571428571429,2.5));
#4262 = DIRECTION('',(0.832050294338,0.554700196225,0.));
#4263 = DIRECTION('',(-0.554700196225,0.832050294338,0.));
#4264 = ADVANCED_FACE('',(#4265),#4271,.T.);
#4265 = FACE_BOUND('',#4266,.T.);
#4266 = EDGE_LOOP('',(#4267,#4268,#4269,#4270));
#4267 = ORIENTED_EDGE('',*,*,#2531,.F.);
#4268 = ORIENTED_EDGE('',*,*,#4220,.T.);
#4269 = ORIENTED_EDGE('',*,*,#1244,.T.);
#4270 = ORIENTED_EDGE('',*,*,#4252,.F.);
#4271 = PLANE('',#4272);
#4272 = AXIS2_PLACEMENT_3D('',#4273,#4274,#4275);
#4273 = CARTESIAN_POINT('',(26.602857142857,67.571428571429,2.5));
#4274 = DIRECTION('',(0.,1.,0.));
#4275 = DIRECTION('',(-1.,0.,0.));
#4276 = ADVANCED_FACE('',(#4277),#4293,.T.);
#4277 = FACE_BOUND('',#4278,.T.);
#4278 = EDGE_LOOP('',(#4279,#4280,#4286,#4287));
#4279 = ORIENTED_EDGE('',*,*,#2555,.F.);
#4280 = ORIENTED_EDGE('',*,*,#4281,.T.);
#4281 = EDGE_CURVE('',#2556,#1269,#4282,.T.);
#4282 = LINE('',#4283,#4284);
#4283 = CARTESIAN_POINT('',(26.602857142857,74.,2.5));
#4284 = VECTOR('',#4285,1.);
#4285 = DIRECTION('',(-0.,-0.,-1.));
#4286 = ORIENTED_EDGE('',*,*,#1268,.T.);
#4287 = ORIENTED_EDGE('',*,*,#4288,.F.);
#4288 = EDGE_CURVE('',#2558,#1271,#4289,.T.);
#4289 = LINE('',#4290,#4291);
#4290 = CARTESIAN_POINT('',(26.602857142857,71.857142857143,2.5));
#4291 = VECTOR('',#4292,1.);
#4292 = DIRECTION('',(-0.,-0.,-1.));
#4293 = PLANE('',#4294);
#4294 = AXIS2_PLACEMENT_3D('',#4295,#4296,#4297);
#4295 = CARTESIAN_POINT('',(26.602857142857,74.,2.5));
#4296 = DIRECTION('',(-1.,0.,0.));
#4297 = DIRECTION('',(0.,-1.,0.));
#4298 = ADVANCED_FACE('',(#4299),#4310,.T.);
#4299 = FACE_BOUND('',#4300,.T.);
#4300 = EDGE_LOOP('',(#4301,#4302,#4308,#4309));
#4301 = ORIENTED_EDGE('',*,*,#2581,.F.);
#4302 = ORIENTED_EDGE('',*,*,#4303,.T.);
#4303 = EDGE_CURVE('',#2574,#1287,#4304,.T.);
#4304 = LINE('',#4305,#4306);
#4305 = CARTESIAN_POINT('',(16.602857142857,74.,2.5));
#4306 = VECTOR('',#4307,1.);
#4307 = DIRECTION('',(-0.,-0.,-1.));
#4308 = ORIENTED_EDGE('',*,*,#1294,.T.);
#4309 = ORIENTED_EDGE('',*,*,#4281,.F.);
#4310 = PLANE('',#4311);
#4311 = AXIS2_PLACEMENT_3D('',#4312,#4313,#4314);
#4312 = CARTESIAN_POINT('',(16.602857142857,74.,2.5));
#4313 = DIRECTION('',(0.,-1.,0.));
#4314 = DIRECTION('',(1.,0.,0.));
#4315 = ADVANCED_FACE('',(#4316),#4327,.T.);
#4316 = FACE_BOUND('',#4317,.T.);
#4317 = EDGE_LOOP('',(#4318,#4319,#4325,#4326));
#4318 = ORIENTED_EDGE('',*,*,#2573,.F.);
#4319 = ORIENTED_EDGE('',*,*,#4320,.T.);
#4320 = EDGE_CURVE('',#2566,#1279,#4321,.T.);
#4321 = LINE('',#4322,#4323);
#4322 = CARTESIAN_POINT('',(16.602857142857,71.857142857143,2.5));
#4323 = VECTOR('',#4324,1.);
#4324 = DIRECTION('',(-0.,-0.,-1.));
#4325 = ORIENTED_EDGE('',*,*,#1286,.T.);
#4326 = ORIENTED_EDGE('',*,*,#4303,.F.);
#4327 = PLANE('',#4328);
#4328 = AXIS2_PLACEMENT_3D('',#4329,#4330,#4331);
#4329 = CARTESIAN_POINT('',(16.602857142857,71.857142857143,2.5));
#4330 = DIRECTION('',(1.,0.,0.));
#4331 = DIRECTION('',(-0.,1.,0.));
#4332 = ADVANCED_FACE('',(#4333),#4339,.T.);
#4333 = FACE_BOUND('',#4334,.T.);
#4334 = EDGE_LOOP('',(#4335,#4336,#4337,#4338));
#4335 = ORIENTED_EDGE('',*,*,#2565,.F.);
#4336 = ORIENTED_EDGE('',*,*,#4288,.T.);
#4337 = ORIENTED_EDGE('',*,*,#1278,.T.);
#4338 = ORIENTED_EDGE('',*,*,#4320,.F.);
#4339 = PLANE('',#4340);
#4340 = AXIS2_PLACEMENT_3D('',#4341,#4342,#4343);
#4341 = CARTESIAN_POINT('',(26.602857142857,71.857142857143,2.5));
#4342 = DIRECTION('',(0.,1.,0.));
#4343 = DIRECTION('',(-1.,0.,0.));
#4344 = ADVANCED_FACE('',(#4345),#4361,.T.);
#4345 = FACE_BOUND('',#4346,.T.);
#4346 = EDGE_LOOP('',(#4347,#4348,#4354,#4355));
#4347 = ORIENTED_EDGE('',*,*,#2589,.F.);
#4348 = ORIENTED_EDGE('',*,*,#4349,.T.);
#4349 = EDGE_CURVE('',#2590,#1303,#4350,.T.);
#4350 = LINE('',#4351,#4352);
#4351 = CARTESIAN_POINT('',(30.640476190476,68.407142857143,2.5));
#4352 = VECTOR('',#4353,1.);
#4353 = DIRECTION('',(-0.,-0.,-1.));
#4354 = ORIENTED_EDGE('',*,*,#1302,.T.);
#4355 = ORIENTED_EDGE('',*,*,#4356,.F.);
#4356 = EDGE_CURVE('',#2592,#1305,#4357,.T.);
#4357 = LINE('',#4358,#4359);
#4358 = CARTESIAN_POINT('',(32.497619047619,66.042857142857,2.5));
#4359 = VECTOR('',#4360,1.);
#4360 = DIRECTION('',(-0.,-0.,-1.));
#4361 = PLANE('',#4362);
#4362 = AXIS2_PLACEMENT_3D('',#4363,#4364,#4365);
#4363 = CARTESIAN_POINT('',(30.640476190476,68.407142857143,2.5));
#4364 = DIRECTION('',(-0.786400773982,-0.617716620046,0.));
#4365 = DIRECTION('',(0.617716620046,-0.786400773982,0.));
#4366 = ADVANCED_FACE('',(#4367),#4378,.T.);
#4367 = FACE_BOUND('',#4368,.T.);
#4368 = EDGE_LOOP('',(#4369,#4370,#4376,#4377));
#4369 = ORIENTED_EDGE('',*,*,#2615,.F.);
#4370 = ORIENTED_EDGE('',*,*,#4371,.T.);
#4371 = EDGE_CURVE('',#2608,#1321,#4372,.T.);
#4372 = LINE('',#4373,#4374);
#4373 = CARTESIAN_POINT('',(27.17619047619,64.,2.5));
#4374 = VECTOR('',#4375,1.);
#4375 = DIRECTION('',(-0.,-0.,-1.));
#4376 = ORIENTED_EDGE('',*,*,#1328,.T.);
#4377 = ORIENTED_EDGE('',*,*,#4349,.F.);
#4378 = PLANE('',#4379);
#4379 = AXIS2_PLACEMENT_3D('',#4380,#4381,#4382);
#4380 = CARTESIAN_POINT('',(27.17619047619,64.,2.5));
#4381 = DIRECTION('',(0.786185674552,-0.617990360061,0.));
#4382 = DIRECTION('',(0.617990360061,0.786185674552,0.));
#4383 = ADVANCED_FACE('',(#4384),#4395,.T.);
#4384 = FACE_BOUND('',#4385,.T.);
#4385 = EDGE_LOOP('',(#4386,#4387,#4393,#4394));
#4386 = ORIENTED_EDGE('',*,*,#2607,.F.);
#4387 = ORIENTED_EDGE('',*,*,#4388,.T.);
#4388 = EDGE_CURVE('',#2600,#1313,#4389,.T.);
#4389 = LINE('',#4390,#4391);
#4390 = CARTESIAN_POINT('',(30.890476190476,64.,2.5));
#4391 = VECTOR('',#4392,1.);
#4392 = DIRECTION('',(-0.,-0.,-1.));
#4393 = ORIENTED_EDGE('',*,*,#1320,.T.);
#4394 = ORIENTED_EDGE('',*,*,#4371,.F.);
#4395 = PLANE('',#4396);
#4396 = AXIS2_PLACEMENT_3D('',#4397,#4398,#4399);
#4397 = CARTESIAN_POINT('',(30.890476190476,64.,2.5));
#4398 = DIRECTION('',(0.,1.,0.));
#4399 = DIRECTION('',(-1.,0.,0.));
#4400 = ADVANCED_FACE('',(#4401),#4407,.T.);
#4401 = FACE_BOUND('',#4402,.T.);
#4402 = EDGE_LOOP('',(#4403,#4404,#4405,#4406));
#4403 = ORIENTED_EDGE('',*,*,#2599,.F.);
#4404 = ORIENTED_EDGE('',*,*,#4356,.T.);
#4405 = ORIENTED_EDGE('',*,*,#1312,.T.);
#4406 = ORIENTED_EDGE('',*,*,#4388,.F.);
#4407 = PLANE('',#4408);
#4408 = AXIS2_PLACEMENT_3D('',#4409,#4410,#4411);
#4409 = CARTESIAN_POINT('',(32.497619047619,66.042857142857,2.5));
#4410 = DIRECTION('',(-0.785936758849,0.618306890703,0.));
#4411 = DIRECTION('',(-0.618306890703,-0.785936758849,0.));
#4412 = ADVANCED_FACE('',(#4413),#4429,.T.);
#4413 = FACE_BOUND('',#4414,.T.);
#4414 = EDGE_LOOP('',(#4415,#4416,#4422,#4423));
#4415 = ORIENTED_EDGE('',*,*,#2623,.F.);
#4416 = ORIENTED_EDGE('',*,*,#4417,.T.);
#4417 = EDGE_CURVE('',#2624,#1337,#4418,.T.);
#4418 = LINE('',#4419,#4420);
#4419 = CARTESIAN_POINT('',(30.890476190476,74.,2.5));
#4420 = VECTOR('',#4421,1.);
#4421 = DIRECTION('',(-0.,-0.,-1.));
#4422 = ORIENTED_EDGE('',*,*,#1336,.T.);
#4423 = ORIENTED_EDGE('',*,*,#4424,.F.);
#4424 = EDGE_CURVE('',#2626,#1339,#4425,.T.);
#4425 = LINE('',#4426,#4427);
#4426 = CARTESIAN_POINT('',(38.747619047619,64.,2.5));
#4427 = VECTOR('',#4428,1.);
#4428 = DIRECTION('',(-0.,-0.,-1.));
#4429 = PLANE('',#4430);
#4430 = AXIS2_PLACEMENT_3D('',#4431,#4432,#4433);
#4431 = CARTESIAN_POINT('',(30.890476190476,74.,2.5));
#4432 = DIRECTION('',(-0.786318338822,-0.617821551932,0.));
#4433 = DIRECTION('',(0.617821551932,-0.786318338822,0.));
#4434 = ADVANCED_FACE('',(#4435),#4446,.T.);
#4435 = FACE_BOUND('',#4436,.T.);
#4436 = EDGE_LOOP('',(#4437,#4438,#4444,#4445));
#4437 = ORIENTED_EDGE('',*,*,#2649,.F.);
#4438 = ORIENTED_EDGE('',*,*,#4439,.T.);
#4439 = EDGE_CURVE('',#2642,#1355,#4440,.T.);
#4440 = LINE('',#4441,#4442);
#4441 = CARTESIAN_POINT('',(27.17619047619,74.,2.5));
#4442 = VECTOR('',#4443,1.);
#4443 = DIRECTION('',(-0.,-0.,-1.));
#4444 = ORIENTED_EDGE('',*,*,#1362,.T.);
#4445 = ORIENTED_EDGE('',*,*,#4417,.F.);
#4446 = PLANE('',#4447);
#4447 = AXIS2_PLACEMENT_3D('',#4448,#4449,#4450);
#4448 = CARTESIAN_POINT('',(27.17619047619,74.,2.5));
#4449 = DIRECTION('',(0.,-1.,0.));
#4450 = DIRECTION('',(1.,0.,0.));
#4451 = ADVANCED_FACE('',(#4452),#4463,.T.);
#4452 = FACE_BOUND('',#4453,.T.);
#4453 = EDGE_LOOP('',(#4454,#4455,#4461,#4462));
#4454 = ORIENTED_EDGE('',*,*,#2641,.F.);
#4455 = ORIENTED_EDGE('',*,*,#4456,.T.);
#4456 = EDGE_CURVE('',#2634,#1347,#4457,.T.);
#4457 = LINE('',#4458,#4459);
#4458 = CARTESIAN_POINT('',(35.033333333333,64.,2.5));
#4459 = VECTOR('',#4460,1.);
#4460 = DIRECTION('',(-0.,-0.,-1.));
#4461 = ORIENTED_EDGE('',*,*,#1354,.T.);
#4462 = ORIENTED_EDGE('',*,*,#4439,.F.);
#4463 = PLANE('',#4464);
#4464 = AXIS2_PLACEMENT_3D('',#4465,#4466,#4467);
#4465 = CARTESIAN_POINT('',(35.033333333333,64.,2.5));
#4466 = DIRECTION('',(0.786318338822,0.617821551932,0.));
#4467 = DIRECTION('',(-0.617821551932,0.786318338822,0.));
#4468 = ADVANCED_FACE('',(#4469),#4475,.T.);
#4469 = FACE_BOUND('',#4470,.T.);
#4470 = EDGE_LOOP('',(#4471,#4472,#4473,#4474));
#4471 = ORIENTED_EDGE('',*,*,#2633,.F.);
#4472 = ORIENTED_EDGE('',*,*,#4424,.T.);
#4473 = ORIENTED_EDGE('',*,*,#1346,.T.);
#4474 = ORIENTED_EDGE('',*,*,#4456,.F.);
#4475 = PLANE('',#4476);
#4476 = AXIS2_PLACEMENT_3D('',#4477,#4478,#4479);
#4477 = CARTESIAN_POINT('',(38.747619047619,64.,2.5));
#4478 = DIRECTION('',(0.,1.,0.));
#4479 = DIRECTION('',(-1.,0.,0.));
#4480 = ADVANCED_FACE('',(#4481),#4497,.T.);
#4481 = FACE_BOUND('',#4482,.T.);
#4482 = EDGE_LOOP('',(#4483,#4484,#4490,#4491));
#4483 = ORIENTED_EDGE('',*,*,#2657,.F.);
#4484 = ORIENTED_EDGE('',*,*,#4485,.T.);
#4485 = EDGE_CURVE('',#2658,#1371,#4486,.T.);
#4486 = LINE('',#4487,#4488);
#4487 = CARTESIAN_POINT('',(35.283333333333,69.592857142857,2.5));
#4488 = VECTOR('',#4489,1.);
#4489 = DIRECTION('',(-0.,-0.,-1.));
#4490 = ORIENTED_EDGE('',*,*,#1370,.T.);
#4491 = ORIENTED_EDGE('',*,*,#4492,.F.);
#4492 = EDGE_CURVE('',#2660,#1373,#4493,.T.);
#4493 = LINE('',#4494,#4495);
#4494 = CARTESIAN_POINT('',(33.42619047619,71.957142857143,2.5));
#4495 = VECTOR('',#4496,1.);
#4496 = DIRECTION('',(-0.,-0.,-1.));
#4497 = PLANE('',#4498);
#4498 = AXIS2_PLACEMENT_3D('',#4499,#4500,#4501);
#4499 = CARTESIAN_POINT('',(35.283333333333,69.592857142857,2.5));
#4500 = DIRECTION('',(0.786400773982,0.617716620046,0.));
#4501 = DIRECTION('',(-0.617716620046,0.786400773982,0.));
#4502 = ADVANCED_FACE('',(#4503),#4514,.T.);
#4503 = FACE_BOUND('',#4504,.T.);
#4504 = EDGE_LOOP('',(#4505,#4506,#4512,#4513));
#4505 = ORIENTED_EDGE('',*,*,#2683,.F.);
#4506 = ORIENTED_EDGE('',*,*,#4507,.T.);
#4507 = EDGE_CURVE('',#2676,#1389,#4508,.T.);
#4508 = LINE('',#4509,#4510);
#4509 = CARTESIAN_POINT('',(38.747619047619,74.,2.5));
#4510 = VECTOR('',#4511,1.);
#4511 = DIRECTION('',(-0.,-0.,-1.));
#4512 = ORIENTED_EDGE('',*,*,#1396,.T.);
#4513 = ORIENTED_EDGE('',*,*,#4485,.F.);
#4514 = PLANE('',#4515);
#4515 = AXIS2_PLACEMENT_3D('',#4516,#4517,#4518);
#4516 = CARTESIAN_POINT('',(38.747619047619,74.,2.5));
#4517 = DIRECTION('',(-0.786185674552,0.617990360061,0.));
#4518 = DIRECTION('',(-0.617990360061,-0.786185674552,0.));
#4519 = ADVANCED_FACE('',(#4520),#4531,.T.);
#4520 = FACE_BOUND('',#4521,.T.);
#4521 = EDGE_LOOP('',(#4522,#4523,#4529,#4530));
#4522 = ORIENTED_EDGE('',*,*,#2675,.F.);
#4523 = ORIENTED_EDGE('',*,*,#4524,.T.);
#4524 = EDGE_CURVE('',#2668,#1381,#4525,.T.);
#4525 = LINE('',#4526,#4527);
#4526 = CARTESIAN_POINT('',(35.033333333333,74.,2.5));
#4527 = VECTOR('',#4528,1.);
#4528 = DIRECTION('',(-0.,-0.,-1.));
#4529 = ORIENTED_EDGE('',*,*,#1388,.T.);
#4530 = ORIENTED_EDGE('',*,*,#4507,.F.);
#4531 = PLANE('',#4532);
#4532 = AXIS2_PLACEMENT_3D('',#4533,#4534,#4535);
#4533 = CARTESIAN_POINT('',(35.033333333333,74.,2.5));
#4534 = DIRECTION('',(0.,-1.,0.));
#4535 = DIRECTION('',(1.,0.,0.));
#4536 = ADVANCED_FACE('',(#4537),#4543,.T.);
#4537 = FACE_BOUND('',#4538,.T.);
#4538 = EDGE_LOOP('',(#4539,#4540,#4541,#4542));
#4539 = ORIENTED_EDGE('',*,*,#2667,.F.);
#4540 = ORIENTED_EDGE('',*,*,#4492,.T.);
#4541 = ORIENTED_EDGE('',*,*,#1380,.T.);
#4542 = ORIENTED_EDGE('',*,*,#4524,.F.);
#4543 = PLANE('',#4544);
#4544 = AXIS2_PLACEMENT_3D('',#4545,#4546,#4547);
#4545 = CARTESIAN_POINT('',(33.42619047619,71.957142857143,2.5));
#4546 = DIRECTION('',(0.785936758849,-0.618306890703,0.));
#4547 = DIRECTION('',(0.618306890703,0.785936758849,0.));
#4548 = ( GEOMETRIC_REPRESENTATION_CONTEXT(3) 
GLOBAL_UNCERTAINTY_ASSIGNED_CONTEXT((#4552)) 
GLOBAL_UNIT_ASSIGNED_CONTEXT((#4549,#4550,#4551)) REPRESENTATION_CONTEXT
('Context #1','3D Context with UNIT and UNCERTAINTY') );
#4549 = ( LENGTH_UNIT() NAMED_UNIT(*) SI_UNIT(.MILLI.,.METRE.) );
#4550 = ( NAMED_UNIT(*) PLANE_ANGLE_UNIT() SI_UNIT($,.RADIAN.) );
#4551 = ( NAMED_UNIT(*) SI_UNIT($,.STERADIAN.) SOLID_ANGLE_UNIT() );
#4552 = UNCERTAINTY_MEASURE_WITH_UNIT(LENGTH_MEASURE(2.E-04),#4549,
  'distance_accuracy_value','confusion accuracy');
#4553 = PRODUCT_RELATED_PRODUCT_CATEGORY('part',$,(#7));
#4554 = MECHANICAL_DESIGN_GEOMETRIC_PRESENTATION_REPRESENTATION('',(
    #4555),#4548);
#4555 = STYLED_ITEM('color',(#4556),#15);
#4556 = PRESENTATION_STYLE_ASSIGNMENT((#4557,#4563));
#4557 = SURFACE_STYLE_USAGE(.BOTH.,#4558);
#4558 = SURFACE_SIDE_STYLE('',(#4559));
#4559 = SURFACE_STYLE_FILL_AREA(#4560);
#4560 = FILL_AREA_STYLE('',(#4561));
#4561 = FILL_AREA_STYLE_COLOUR('',#4562);
#4562 = COLOUR_RGB('',0.447058818107,0.474509808674,0.501960817233);
#4563 = CURVE_STYLE('',#4564,POSITIVE_LENGTH_MEASURE(0.1),#4565);
#4564 = DRAUGHTING_PRE_DEFINED_CURVE_FONT('continuous');
#4565 = COLOUR_RGB('',9.803921802644E-02,9.803921802644E-02,
  9.803921802644E-02);
ENDSEC;
END-ISO-10303-21;
